date, pm25, pm10, no2, so2, co
2018/10/1, 107, , 16, 8, 5
2018/10/2, 132, , 21, 10, 6
2018/10/3, 136, , 22, 10, 7
2018/10/4, 166, , 20, 13, 10
2018/10/5, 165, , 18, 9, 5
2018/10/6, 113, , 17, 7, 22
2018/10/7, 144, , 20, 9, 19
2018/10/8, 167, , 20, 11, 19
2018/10/9, 138, , 20, 10, 7
2018/10/10, 146, , 29, 7, 6
2018/10/11, 114, , 17, 3, 6
2018/10/12, 123, , 24, 5, 8
2018/10/13, 166, , 23, 6, 6
2018/10/14, 128, , 26, 7, 8
2018/10/15, 155, , 33, 9, 11
2018/10/16, 157, , 26, 6, 11
2018/10/17, 135, , 30, 10, 12
2018/10/18, 162, , 29, 12, 11
2018/10/19, 150, , 27, 13, 7
2018/10/20, 162, , 26, 8, 7
2018/10/21, 136, , 30, 8, 7
2018/10/22, 131, , 37, 9, 9
2018/10/23, 133, , 36, 13, 12
2018/10/24, 164, , 22, 12, 11
2018/10/25, 149, , 24, 13, 14
2018/10/26, 172, , 31, 15, 16
2018/10/27, 183, , 22, 9, 3
2018/10/28, 174, , 26, 16, 7
2018/10/29, 173, , 46, 16, 13
2018/10/30, 224, , 39, 17, 10
2018/10/31, 237, , 31, 16, 9
2018/11/1, 230, , 30, 11, 9
2018/11/2, 212, , 22, 5, 7
2018/11/3, 184, , 10, 4, 6
2018/11/4, 127, , 18, 10, 9
2018/11/5, 316, , 20, 11, 6
2018/11/6, 205, , 22, 14, 11
2018/11/7, 200, , 33, 21, 9
2018/11/8, 415, , 31, 17, 17
2018/11/9, 293, , 42, 10, 21
2018/11/10, 271, , 33, 7, 17
2018/11/11, 243, , 29, 9, 17
2018/11/12, 245, , 40, 20, 20
2018/11/13, 267, , 29, 13, 12
2018/11/14, 193, , 20, 9, 7
2018/11/15, 158, , 19, 5, 8
2018/11/16, 167, , 25, 6, 9
2018/11/17, 176, , 35, 7, 9
2018/11/18, 209, , 27, 6, 2
2018/11/19, 206, , 34, 7, 14
2018/11/20, 228, , 39, 6, 8
2018/11/21, 209, , 33, 6, 11
2018/11/22, 187, , 33, 7, 14
2018/11/23, 199, , 23, 7, 8
2018/11/24, 166, , 32, 10, 10
2018/11/25, 178, , 31, 12, 16
2018/11/26, 188, , 58, 24, 29
2018/11/27, 230, , 45, 19, 15
2018/11/28, 234, , 30, 8, 
2018/11/29, 182, , 37, 9, 
2018/11/30, 215, , , , 
2018/7/1, 142, , 15, 2, 3
2018/7/2, 137, , 24, 4, 5
2018/7/3, 140, , 17, 3, 2
2018/7/4, 147, , 17, 4, 5
2018/7/5, 150, , 16, 5, 5
2018/7/6, 167, , 17, 4, 3
2018/7/7, 165, , 33, 3, 18
2018/7/8, 158, , 17, 5, 6
2018/7/9, 162, , 14, 9, 3
2018/7/10, 147, , 18, 11, 6
2018/7/11, 139, , 25, 14, 4
2018/7/12, 155, , 18, 10, 5
2018/7/13, 120, , 16, 8, 4
2018/7/14, 122, , 19, 4, 5
2018/7/15, 124, , 11, 4, 5
2018/7/16, 137, , 15, 4, 3
2018/7/17, 117, , 30, 4, 6
2018/7/18, 133, , 13, 4, 3
2018/7/19, 139, , 14, 5, 4
2018/7/20, 140, , 17, 6, 5
2018/7/21, 137, , 16, 6, 3
2018/7/22, 109, , 13, 6, 5
2018/7/23, 137, , 12, 5, 4
2018/7/24, 134, , 14, 5, 4
2018/7/25, 116, , 12, 6, 5
2018/7/26, 109, , 9, 6, 5
2018/7/27, 104, , 10, 5, 7
2018/7/28, 111, , 8, 7, 4
2018/7/29, 143, , 19, 5, 4
2018/7/30, 131, , 11, 5, 6
2018/7/31, 142, , 16, 6, 4
2018/8/1, 150, , 8, 7, 4
2018/8/2, 168, , 18, 6, 3
2018/8/3, 161, , 12, 6, 5
2018/8/4, 165, , 11, 6, 5
2018/8/5, 159, , 9, 6, 4
2018/8/6, 140, , 9, 5, 5
2018/8/7, 109, , 19, 6, 5
2018/8/8, 110, , 9, 4, 5
2018/8/9, 101, , 11, 5, 5
2018/8/10, 140, , 16, 4, 3
2018/8/11, 132, , 6, 3, 4
2018/8/12, 127, , 6, 5, 5
2018/8/13, 136, , 6, 5, 5
2018/8/14, 148, , , 2, 6
2018/8/15, 149, , 10, 3, 5
2018/8/16, 142, , 13, 4, 7
2018/8/17, 114, , 12, 4, 3
2018/8/18, 114, , 15, 5, 4
2018/8/19, 139, , 13, 7, 6
2018/8/20, 133, , 17, 4, 4
2018/8/21, 91, , 13, 4, 5
2018/8/22, 107, , 10, 3, 5
2018/8/23, 111, , 11, 3, 5
2018/8/24, 101, , 13, 9, 2
2018/8/25, 80, , , , 
2018/8/28, 102, , 31, 2, 16
2018/8/29, 112, , 7, 3, 2
2018/8/30, 100, , 11, 5, 4
2018/8/31, 110, , 11, 6, 4
2018/9/1, 120, , 8, 5, 3
2018/9/2, 217, , 9, 7, 5
2018/9/3, 372, , 10, 12, 6
2018/9/4, 102, , 11, 5, 6
2018/9/5, 124, , 14, 6, 5
2018/9/6, 115, , 12, 6, 7
2018/9/7, 172, , 9, 4, 5
2018/9/8, 119, , 20, 1, 5
2018/9/9, 86, , 11, 1, 7
2018/9/10, 103, , 9, 5, 7
2018/9/11, 88, , 9, 7, 6
2018/9/12, 105, , 9, 7, 6
2018/9/13, 97, , 9, 7, 5
2018/9/14, 97, , 11, 6, 5
2018/9/15, 94, , 10, 4, 4
2018/9/16, 119, , 10, 4, 5
2018/9/17, 131, , 10, 5, 6
2018/9/18, 134, , 38, 6, 7
2018/9/19, 115, , 13, 6, 5
2018/9/20, 130, , 10, 6, 5
2018/9/21, 114, , 8, 5, 4
2018/9/22, 85, , 10, 5, 4
2018/9/23, 94, , 9, 5, 5
2018/9/24, 95, , 12, 5, 5
2018/9/25, 62, , 16, 6, 6
2018/9/26, 62, , 12, 8, 6
2018/9/27, 106, , 19, 9, 7
2018/9/28, 158, , 26, 8, 10
2018/9/29, 178, , 10, 5, 5
2018/9/30, 96, , 15, 7, 6
2018/4/1, 156, , 25, 9, 5
2018/4/2, 165, , 26, 18, 5
2018/4/3, 158, , 29, 9, 7
2018/4/4, 167, , 29, 11, 9
2018/4/5, 187, , 22, 11, 3
2018/4/6, 170, , 17, 4, 3
2018/4/7, 112, , 15, 5, 3
2018/4/8, 124, , 20, 4, 5
2018/4/9, 134, , 21, 6, 4
2018/4/10, 154, , 15, 4, 3
2018/4/11, 148, , 19, 3, 4
2018/4/12, 145, , 26, 7, 5
2018/4/13, 162, , 28, 6, 5
2018/4/14, 147, , 34, 8, 5
2018/4/15, 168, , 33, 11, 10
2018/4/16, 188, , 25, 10, 6
2018/4/17, 179, , 21, , 4
2018/4/18, 172, , 27, 27, 6
2018/4/19, 169, , 21, 24, 3
2018/4/20, 202, , 18, 10, 4
2018/4/21, 211, , 18, 11, 11
2018/4/22, 168, , 23, 6, 7
2018/4/23, 147, , 33, 12, 9
2018/4/24, 152, , 51, 18, 12
2018/4/25, 201, , 42, 14, 11
2018/4/26, 205, , 23, 9, 5
2018/4/27, 191, , 15, 10, 4
2018/4/28, 168, , 21, 19, 6
2018/4/29, 170, , 26, 7, 5
2018/4/30, 155, , 12, 4, 3
2018/5/1, 143, , 13, 4, 7
2018/5/2, 147, , 31, 4, 2
2018/5/3, 117, , 12, 5, 3
2018/5/4, 99, , 24, 6, 4
2018/5/5, 152, , 30, 14, 2
2018/5/6, 177, , 27, 15, 3
2018/5/7, 151, , 10, 6, 3
2018/5/8, 146, , 23, 8, 3
2018/5/9, 144, , 34, 8, 2
2018/5/10, 159, , 47, 15, 5
2018/5/11, 189, , 46, 16, 4
2018/5/12, 200, , 13, 7, 5
2018/5/13, 158, , 16, 7, 3
2018/5/14, 124, , 11, 9, 9
2018/5/15, 154, , 37, 8, 11
2018/5/16, 169, , 10, 8, 6
2018/5/17, 198, , 11, 9, 5
2018/5/18, 185, , 11, 11, 11
2018/5/19, 185, , 4, 7, 6
2018/5/20, 180, , 12, 5, 7
2018/5/21, 167, , 12, 7, 10
2018/5/22, 175, , 13, 10, 16
2018/5/23, 223, , 9, 10, 8
2018/5/24, 200, , 9, 7, 9
2018/5/25, 167, , 11, 10, 7
2018/5/26, 171, , 11, 11, 9
2018/5/27, 193, , 9, 9, 9
2018/5/28, 206, , 9, 7, 9
2018/5/29, 190, , 6, 1, 4
2018/5/30, 161, , 11, 3, 6
2018/5/31, 167, , 9, 3, 7
2018/6/1, 169, , 11, 3, 6
2018/6/2, 136, , 10, 3, 6
2018/6/3, 134, , 9, 2, 8
2018/6/4, 176, , 9, 2, 5
2018/6/5, 134, , 22, 8, 8
2018/6/6, 130, , 11, 15, 6
2018/6/7, 147, , 9, 9, 6
2018/6/8, 146, , 6, 9, 6
2018/6/9, 125, , 7, 12, 14
2018/6/10, 151, , 11, 13, 8
2018/6/11, 175, , 18, 11, 7
2018/6/12, 261, , 12, 9, 8
2018/6/13, 509, , 12, 10, 8
2018/6/14, 446, , 13, 9, 4
2018/6/15, 346, , 15, 4, 4
2018/6/16, 277, , 11, 4, 6
2018/6/17, 173, , 16, 5, 7
2018/6/18, 161, , 13, 3, 5
2018/6/19, 136, , 18, 5, 6
2018/6/20, 156, , 19, 5, 6
2018/6/21, 166, , 28, 10, 7
2018/6/22, 180, , 27, 10, 13
2018/6/23, 165, , 16, 8, 5
2018/6/24, 150, , 17, 9, 5
2018/6/25, 168, , 20, 8, 3
2018/6/26, 159, , 37, 7, 8
2018/6/27, 146, , 13, 6, 4
2018/6/28, 120, , 10, 4, 6
2018/6/29, 113, , 6, 3, 4
2018/6/30, 129, , 16, 4, 3
2018/1/1, 241, , 17, 4, 9
2018/1/2, 201, , 16, 3, 9
2018/1/3, 208, , 29, 10, 11
2018/1/4, 245, , 23, 7, 13
2018/1/5, 207, , 29, 18, 16
2018/1/6, 256, , 23, 9, 11
2018/1/7, 202, , 19, 5, 10
2018/1/8, 175, , 25, 9, 11
2018/1/9, 197, , 37, 5, 6
2018/1/10, 183, , 25, 3, 7
2018/1/11, 173, , 26, 4, 9
2018/1/12, 175, , 28, 13, 15
2018/1/13, 215, , 23, 7, 10
2018/1/14, 198, , 20, 5, 5
2018/1/15, 179, , 20, 2, 7
2018/1/16, 163, , 25, 8, 10
2018/1/17, 202, , 37, 14, 14
2018/1/18, 247, , 29, 19, 12
2018/1/19, 203, , 27, 6, 11
2018/1/20, 171, , 39, 8, 9
2018/1/21, 178, , 47, 11, 11
2018/1/22, 192, , 33, 7, 12
2018/1/23, 177, , 22, 4, 3
2018/1/24, 162, , 23, 3, 6
2018/1/25, 160, , 15, 3, 6
2018/1/26, 157, , 18, 2, 6
2018/1/27, 165, , 20, 4, 6
2018/1/28, 172, , 25, 5, 6
2018/1/29, 173, , 36, 6, 6
2018/1/30, 151, , 20, 2, 7
2018/1/31, 157, , 32, 11, 9
2018/2/1, 160, , 23, 8, 7
2018/2/2, 153, , 21, 7, 7
2018/2/3, 159, , 21, 5, 7
2018/2/4, 157, , 29, 9, 9
2018/2/5, 168, , 24, 8, 10
2018/2/6, 170, , 24, 4, 6
2018/2/7, 166, , 28, 9, 7
2018/2/8, 188, , 28, 5, 8
2018/2/9, 245, , 34, 10, 13
2018/2/10, 254, , 28, 11, 10
2018/2/11, 223, , 11, 2, 4
2018/2/12, 151, , 18, 4, 10
2018/2/13, 180, , 12, 4, 28
2018/2/14, 140, , 35, 5, 7
2018/2/15, 148, , 21, 6, 6
2018/2/16, 172, , 23, 6, 7
2018/2/17, 157, , 21, 6, 7
2018/2/18, 148, , 33, 9, 12
2018/2/19, 195, , 27, 3, 13
2018/2/20, 178, , 39, 8, 20
2018/2/21, 141, , 29, 4, 9
2018/2/22, 130, , 26, 6, 17
2018/2/23, 282, , 27, 3, 9
2018/2/24, 209, , 15, 4, 6
2018/2/25, 176, , 10, 4, 7
2018/2/26, 135, , 16, 5, 7
2018/2/27, 146, , 18, 9, 10
2018/2/28, 188, , 18, 6, 9
2018/3/1, 167, , 23, 11, 16
2018/3/2, 203, , 15, 7, 8
2018/3/3, 144, , 14, 6, 8
2018/3/4, 152, , 15, 5, 10
2018/3/5, 135, , 17, 6, 6
2018/3/6, 145, , 39, 7, 9
2018/3/7, 144, , 33, 8, 13
2018/3/8, 175, , 31, 6, 18
2018/3/9, 165, , 19, 3, 7
2018/3/10, 138, , 21, 7, 7
2018/3/11, 140, , 22, 10, 8
2018/3/12, 144, , 24, 9, 10
2018/3/13, 167, , 25, 21, 8
2018/3/14, 184, , 19, 14, 8
2018/3/15, 183, , 12, 7, 11
2018/3/16, 183, , 8, 4, 5
2018/3/17, 137, , 4, 5, 5
2018/3/18, 136, , 18, 6, 5
2018/3/19, 143, , 36, 13, 11
2018/3/20, 182, , 24, 19, 7
2018/3/21, 191, , 17, 7, 10
2018/3/22, 141, , 15, 4, 7
2018/3/23, 136, , 18, 7, 4
2018/3/24, 157, , 18, 7, 6
2018/3/25, 173, , 22, 8, 7
2018/3/26, 170, , 31, 11, 23
2018/3/27, 169, , 57, 10, 6
2018/3/28, 172, , 21, 4, 3
2018/3/29, 169, , 25, 6, 4
2018/3/30, 171, , 21, 8, 4
2018/3/31, 187, , 20, 5, 3
2017/10/1, 158, , 21, 8, 5
2017/10/2, 140, , 20, 10, 5
2017/10/3, 161, , 23, 9, 20
2017/10/4, 236, , 19, 17, 4
2017/10/5, 179, , 22, 11, 4
2017/10/6, 157, , 20, 20, 6
2017/10/7, 151, , 21, 14, 9
2017/10/8, 165, , 27, 7, 9
2017/10/9, 150, , 28, 3, 10
2017/10/10, 159, , 21, 8, 12
2017/10/11, 189, , 27, 9, 9
2017/10/12, 201, , 26, 6, 12
2017/10/13, 182, , 31, 8, 17
2017/10/14, 187, , 25, 6, 12
2017/10/15, 195, , 29, 7, 15
2017/10/16, 201, , 25, 8, 11
2017/10/17, 176, , 26, 4, 11
2017/10/18, 185, , 23, 8, 13
2017/10/19, 184, , 25, 17, 15
2017/10/20, 243, , 26, 12, 10
2017/10/21, 210, , 28, 10, 12
2017/10/22, 179, , 30, 8, 13
2017/10/23, 173, , 31, 6, 12
2017/10/24, 178, , 44, 6, 13
2017/10/25, 193, , 51, 13, 14
2017/10/26, 209, , 41, 6, 7
2017/10/27, 191, , 37, 6, 8
2017/10/28, 175, , 36, 8, 7
2017/10/29, 163, , 34, 4, 8
2017/10/30, 148, , 42, 4, 11
2017/10/31, 136, , 28, 3, 4
2017/11/1, 139, , 22, 3, 6
2017/11/2, 133, , 21, 5, 8
2017/11/3, 165, , 25, 5, 9
2017/11/4, 210, , 30, 8, 12
2017/11/5, 178, , 30, 8, 14
2017/11/6, 237, , 34, 5, 14
2017/11/7, 383, , 37, 11, 25
2017/11/8, 387, , 37, 10, 16
2017/11/9, 338, , 30, 11, 20
2017/11/10, 327, , 35, 11, 15
2017/11/11, 361, , 30, 5, 18
2017/11/12, 340, , 31, 5, 16
2017/11/13, 214, , 31, 5, 15
2017/11/14, 187, , 34, 7, 11
2017/11/15, 194, , 24, 5, 9
2017/11/16, 233, , 24, 3, 7
2017/11/17, 203, , 25, 5, 6
2017/11/18, 186, , 24, 4, 6
2017/11/19, 185, , 25, 5, 6
2017/11/20, 205, , 35, 8, 7
2017/11/21, 195, , 36, 11, 
2017/11/22, 181, , 37, 8, 5
2017/11/23, 204, , 47, 6, 10
2017/11/24, 215, , 42, 5, 18
2017/11/25, 205, , 44, 8, 15
2017/11/26, 237, , 40, 5, 11
2017/11/27, 190, , 42, 5, 15
2017/11/28, 185, , 56, 8, 23
2017/11/29, 225, , 38, 5, 19
2017/11/30, 234, , 41, 9, 14
2017/12/1, 196, , 55, 16, 27
2017/12/2, 246, , 56, 15, 20
2017/12/3, 223, , 59, 19, 31
2017/12/4, 245, , 50, 11, 14
2017/12/5, 208, , 26, 3, 13
2017/12/6, 164, , 25, 4, 5
2017/12/7, 143, , 29, 7, 13
2017/12/8, 167, , 33, 10, 13
2017/12/9, 191, , 23, 13, 17
2017/12/10, 199, , 36, 15, 21
2017/12/11, 192, , 22, 1, 8
2017/12/12, 143, , 22, 3, 6
2017/12/13, 165, , 11, 3, 6
2017/12/14, 164, , 12, 2, 6
2017/12/15, 162, , 17, 1, 6
2017/12/16, 160, , 20, 3, 6
2017/12/17, 159, , 25, 5, 8
2017/12/18, 164, , 30, 7, 10
2017/12/19, 175, , 39, 12, 13
2017/12/20, 230, , 21, 10, 7
2017/12/21, 233, , 22, 5, 6
2017/12/22, 137, , 22, 4, 7
2017/12/23, 157, , 57, 13, 19
2017/12/24, 194, , 28, 13, 10
2017/12/25, 201, , 31, 9, 10
2017/12/26, 190, , 34, 10, 12
2017/12/27, 190, , 27, 15, 10
2017/12/28, 193, , 20, 3, 10
2017/12/29, 194, , 24, 9, 12
2017/12/30, 213, , 23, 10, 23
2017/7/1, 142, , 4, 7, 2
2017/7/2, 117, , 5, 8, 7
2017/7/3, 121, , 5, 3, 2
2017/7/4, 148, , 6, , 86
2017/7/6, 146, , 9, 4, 3
2017/7/7, 99, , 10, 6, 3
2017/7/8, 117, , 12, 6, 5
2017/7/9, 129, , 10, 7, 3
2017/7/10, 80, , 14, 4, 4
2017/7/11, 61, , 14, 7, 2
2017/7/12, 52, , 11, 9, 2
2017/7/13, 52, , 11, 33, 3
2017/7/14, 71, , , , 
2017/7/16, 82, , 11, 7, 4
2017/7/17, 105, , 13, 14, 6
2017/7/18, 70, , 14, 5, 4
2017/7/19, 91, , 12, 5, 5
2017/7/20, 83, , 6, 7, 3
2017/7/21, 116, , 23, 9, 4
2017/7/22, 123, , 18, 7, 5
2017/7/23, 149, , 19, 6, 3
2017/7/24, 115, , 20, 6, 2
2017/7/25, 133, , 15, 6, 5
2017/7/26, 126, , 18, 6, 5
2017/7/27, 108, , 19, 6, 5
2017/7/28, 137, , 28, 6, 9
2017/7/29, 141, , , , 
2017/7/31, 139, , 22, 3, 6
2017/8/1, 131, , 39, 3, 5
2017/8/2, 113, , 24, 4, 5
2017/8/3, 130, , 27, 4, 4
2017/8/4, 137, , 31, 5, 5
2017/8/5, 137, , 36, 5, 4
2017/8/6, 161, , 36, 5, 4
2017/8/7, 162, , 31, 4, 
2017/8/8, 116, , 55, 5, 5
2017/8/9, 228, , 27, 5, 4
2017/8/10, 239, , 25, 3, 4
2017/8/11, 84, , 24, 6, 2
2017/8/12, 73, , 22, 3, 3
2017/8/13, 97, , 25, 4, 3
2017/8/14, 93, , 26, 4, 1
2017/8/15, 128, , 26, 6, 3
2017/8/16, 120, , 15, 7, 5
2017/8/17, 144, , 14, 9, 4
2017/8/18, 143, , 14, 8, 2
2017/8/19, 95, , 14, 11, 4
2017/8/20, 79, , 14, 7, 1
2017/8/21, 91, , 49, 3, 3
2017/8/22, 120, , 60, 7, 5
2017/8/23, 112, , 10, 8, 6
2017/8/24, 130, , 28, 8, 5
2017/8/25, 130, , 9, 19, 4
2017/8/26, 96, , , , 
2017/8/28, 146, , 6, 6, 4
2017/8/29, 112, , 18, 9, 5
2017/8/30, 126, , , , 
2017/9/1, 111, , 7, 2, 4
2017/9/2, 95, , 7, 2, 7
2017/9/3, 134, , 7, 2, 5
2017/9/4, 152, , 7, 3, 6
2017/9/5, 133, , 7, 2, 5
2017/9/6, 147, , , , 
2017/9/11, 165, , 8, 4, 4
2017/9/12, 167, , 8, 4, 5
2017/9/13, 160, , 8, 4, 5
2017/9/14, 172, , 8, 6, 6
2017/9/15, 166, , 8, 7, 6
2017/9/16, 171, , 8, 4, 7
2017/9/17, 154, , 9, 4, 7
2017/9/18, 160, , 14, 7, 6
2017/9/19, 150, , 10, 6, 8
2017/9/20, 168, , 15, 3, 8
2017/9/21, 144, , 15, 3, 7
2017/9/22, 95, , 14, 2, 8
2017/9/23, 111, , 15, 3, 7
2017/9/24, 118, , 21, 4, 9
2017/9/25, 151, , 24, 3, 8
2017/9/26, 164, , 26, 4, 10
2017/9/27, 168, , 30, 11, 9
2017/9/28, 183, , 20, 9, 8
2017/9/29, 159, , 22, 10, 5
2017/9/30, 169, , 21, 7, 6
2017/4/1, 161, , 26, 12, 5
2017/4/2, 159, , 26, 16, 4
2017/4/3, 162, , 25, 17, 5
2017/4/4, 167, , 23, 12, 5
2017/4/5, 152, , 24, 10, 4
2017/4/6, 121, , 19, 21, 4
2017/4/7, 187, , 43, 5, 6
2017/4/8, 138, , 16, 7, 5
2017/4/9, 118, , 24, 5, 6
2017/4/10, 156, , 24, 6, 7
2017/4/11, 150, , 42, 8, 3
2017/4/12, 164, , 26, 20, 4
2017/4/13, 192, , 33, 27, 11
2017/4/14, 196, , 37, 18, 7
2017/4/15, 180, , 30, 19, 7
2017/4/16, 182, , 25, 17, 7
2017/4/17, 180, , 22, 13, 3
2017/4/18, 198, , 27, 13, 7
2017/4/19, 185, , 27, 40, 12
2017/4/20, 180, , 22, , 5
2017/4/21, 183, , 33, 15, 9
2017/4/22, 156, , 25, 7, 4
2017/4/23, 172, , 26, 4, 3
2017/4/24, 208, , 28, 9, 4
2017/4/25, 228, , 41, 7, 2
2017/4/26, 171, , 77, 19, 12
2017/4/27, 170, , 26, 7, 2
2017/4/28, 166, , 31, 13, 4
2017/4/29, 178, , 20, 13, 3
2017/4/30, 178, , 4, 2, 
2017/5/1, 169, , 49, 11, 4
2017/5/2, 201, , 60, 18, 
2017/5/3, 221, , 18, 5, 2
2017/5/4, 184, , 23, 10, 6
2017/5/5, 233, , 33, 14, 11
2017/5/6, 198, , 58, 43, 17
2017/5/7, 224, , 36, 42, 10
2017/5/8, 197, , 21, 25, 6
2017/5/9, 177, , 12, 25, 6
2017/5/10, 162, , 19, 28, 7
2017/5/11, 166, , 26, 29, 9
2017/5/12, 205, , 32, 26, 7
2017/5/13, 191, , 26, 26, 10
2017/5/14, 197, , 25, 30, 11
2017/5/15, 198, , 18, 29, 6
2017/5/16, 192, , 29, 18, 4
2017/5/17, 151, , 33, 9, 3
2017/5/18, 175, , 34, 14, 6
2017/5/19, 184, , 28, 9, 7
2017/5/20, 138, , 26, 10, 12
2017/5/21, 204, , 31, 7, 9
2017/5/22, 149, , 31, 7, 14
2017/5/23, 139, , 28, 17, 12
2017/5/24, 174, , 29, 12, 6
2017/5/25, 172, , 28, 22, 8
2017/5/26, 181, , 16, 13, 7
2017/5/27, 159, , 15, 12, 8
2017/5/28, 149, , 15, 8, 8
2017/5/29, 150, , 21, 12, 12
2017/5/30, 145, , 20, 13, 10
2017/5/31, 155, , 22, 6, 7
2017/6/1, 154, , 24, 6, 3
2017/6/2, 159, , 33, 4, 4
2017/6/3, 141, , 32, 6, 9
2017/6/4, 145, , 18, 3, 4
2017/6/5, 157, , 13, 5, 4
2017/6/6, 150, , 11, 6, 6
2017/6/7, 180, , 11, 5, 3
2017/6/8, 113, , 17, 8, 6
2017/6/9, 143, , 14, 11, 5
2017/6/10, 126, , 11, 6, 4
2017/6/11, 126, , 11, 9, 5
2017/6/12, 130, , 12, 6, 4
2017/6/13, 146, , 8, 9, 3
2017/6/14, 150, , 6, 7, 5
2017/6/15, 141, , 10, 9, 10
2017/6/16, 127, , 11, 6, 4
2017/6/17, 125, , 12, 4, 4
2017/6/18, 138, , 12, 3, 4
2017/6/19, 146, , 10, 1, 4
2017/6/20, 130, , 12, 3, 5
2017/6/21, 143, , 13, 3, 6
2017/6/22, 146, , 11, 5, 4
2017/6/23, 137, , 19, 3, 5
2017/6/24, 163, , 13, 7, 4
2017/6/25, 141, , 10, 3, 3
2017/6/26, 135, , 9, 4, 3
2017/6/27, 142, , 26, 10, 3
2017/6/28, 138, , 8, 7, 1
2017/6/29, 126, , 8, 8, 2
2017/6/30, 134, , 7, 6, 9
2017/1/2, 184, , 35, 10, 8
2017/1/3, 180, , 27, 13, 16
2017/1/4, 194, , 23, 12, 15
2017/1/5, 262, , 19, 9, 12
2017/1/6, 242, , 10, 6, 9
2017/1/7, 192, , 14, 10, 7
2017/1/8, 176, , 16, 9, 11
2017/1/9, 188, , 16, 6, 6
2017/1/10, 178, , 24, 11, 7
2017/1/11, 201, , 29, 14, 10
2017/1/12, 164, , 29, 17, 15
2017/1/13, 184, , 29, 14, 12
2017/1/14, 230, , 34, 13, 18
2017/1/15, 184, , 23, 7, 11
2017/1/16, 202, , 19, 5, 7
2017/1/17, 179, , 40, 8, 7
2017/1/18, 184, , 18, 3, 6
2017/1/19, 167, , 19, 2, 6
2017/1/20, 147, , 32, 5, 7
2017/1/21, 188, , 27, 5, 9
2017/1/22, 187, , 26, 5, 7
2017/1/23, 174, , 31, 6, 9
2017/1/24, 186, , 32, 7, 9
2017/1/25, 222, , 35, 4, 8
2017/1/26, 160, , 15, 3, 7
2017/1/27, 99, , 17, 4, 7
2017/1/28, 148, , 20, 5, 8
2017/1/29, 152, , 28, 6, 11
2017/1/30, 176, , 30, 5, 10
2017/1/31, 211, , 24, 4, 5
2017/2/1, 165, , 29, 5, 9
2017/2/2, 183, , 28, 8, 11
2017/2/3, 188, , 27, 7, 8
2017/2/4, 217, , 18, 8, 7
2017/2/5, 176, , 23, 4, 9
2017/2/6, 152, , 23, 4, 7
2017/2/7, 138, , 49, 9, 6
2017/2/8, 167, , 43, 6, 5
2017/2/9, 170, , 43, 5, 5
2017/2/10, 146, , 45, 8, 6
2017/2/11, 150, , 41, 10, 6
2017/2/12, 173, , 44, 11, 5
2017/2/13, 154, , 50, 7, 8
2017/2/14, 159, , 54, 8, 7
2017/2/15, 160, , 46, 7, 4
2017/2/16, 157, , 40, 7, 10
2017/2/17, 142, , 43, 6, 10
2017/2/18, 152, , 40, 6, 7
2017/2/19, 158, , 48, 5, 9
2017/2/20, 166, , 31, 7, 9
2017/2/21, 160, , 38, 12, 8
2017/2/22, 143, , 31, 12, 3
2017/2/23, 119, , 28, 3, 2
2017/2/24, 144, , 33, 4, 3
2017/2/25, 137, , 35, 5, 10
2017/2/26, 141, , 35, 5, 7
2017/2/27, 136, , 43, 7, 9
2017/2/28, 163, , 39, 15, 12
2017/3/1, 164, , 39, 14, 9
2017/3/2, 170, , 31, 9, 6
2017/3/3, 111, , 31, 4, 3
2017/3/4, 132, , 37, 7, 
2017/3/6, 121, , 48, 14, 4
2017/3/7, 152, , 30, 16, 2
2017/3/8, 166, , 29, 10, 7
2017/3/9, 125, , 31, 12, 8
2017/3/10, 91, , 30, 9, 4
2017/3/11, 111, , 31, 6, 6
2017/3/12, 106, , 23, 10, 4
2017/3/13, 120, , 23, 11, 9
2017/3/14, 140, , 25, 8, 3
2017/3/15, 82, , 38, 11, 5
2017/3/16, 144, , 24, 6, 4
2017/3/17, 104, , 30, 15, 5
2017/3/18, 123, , 43, 19, 2
2017/3/19, 220, , 16, 4, 
2017/3/20, 109, , 30, 11, 7
2017/3/21, 136, , 37, 8, 6
2017/3/22, 150, , 39, 18, 7
2017/3/23, 146, , 24, 15, 3
2017/3/24, 138, , 24, 11, 4
2017/3/25, 101, , , 9, 6
2017/3/26, 101, , 25, 8, 6
2017/3/27, 121, , 28, 2, 6
2017/3/28, 160, , 30, 3, 7
2017/3/29, 159, , 24, 3, 6
2017/3/30, 143, , 31, 4, 9
2017/3/31, 154, , 31, 14, 5
2016/10/1, 170, , , 4, 
2016/10/2, 157, , , 4, 
2016/10/3, 180, , , 3, 
2016/10/4, 184, , , 2, 
2016/10/5, 138, , , 3, 
2016/10/6, 182, , , 3, 
2016/10/7, 167, , , 5, 
2016/10/8, 176, , , 3, 
2016/10/9, 179, , , 3, 
2016/10/10, 154, , , 3, 
2016/10/11, 161, , , , 
2016/10/12, 164, , , 3, 
2016/10/13, 148, , , 3, 
2016/10/14, 157, , , 5, 
2016/10/15, 173, , , 5, 
2016/10/16, 172, , , 1, 
2016/10/17, 148, , , 2, 
2016/10/18, 171, , , 5, 
2016/10/19, 166, , , 9, 
2016/10/20, 186, , , 13, 
2016/10/21, 192, , , 5, 
2016/10/22, 166, , , 3, 
2016/10/23, 219, , , 3, 
2016/10/24, 205, , , 3, 
2016/10/25, 159, , , 4, 
2016/10/26, 238, , , 3, 
2016/10/27, 262, , , 4, 
2016/10/28, 287, , , 11, 
2016/10/29, 336, , , 10, 
2016/10/30, 337, , , 14, 
2016/10/31, 298, , , 5, 
2016/11/1, 300, , , 9, 
2016/11/2, 337, , , 12, 
2016/11/3, 303, , , 8, 5
2016/11/4, 323, , , 3, 14
2016/11/5, 432, , , 3, 60
2016/11/6, 420, , , 3, 34
2016/11/7, 351, , , 5, 16
2016/11/8, 321, , , 6, 8
2016/11/9, 318, , , 5, 14
2016/11/10, 298, , , 12, 21
2016/11/11, 298, , , 8, 16
2016/11/12, 265, , , 9, 21
2016/11/13, 225, , , 10, 16
2016/11/14, 245, , , 6, 8
2016/11/15, 214, , , 14, 8
2016/11/16, 218, , , 8, 14
2016/11/17, 196, , , 8, 33
2016/11/18, 199, , , 8, 16
2016/11/19, 221, , 38, 16, 22
2016/11/20, 253, , 47, 12, 15
2016/11/21, 247, , 49, 9, 16
2016/11/22, 180, , 35, 9, 11
2016/11/23, 184, , 19, 10, 11
2016/11/24, 225, , 116, 4, 9
2016/11/25, 170, , 50, 7, 11
2016/11/26, 158, , 35, 6, 3
2016/11/27, 176, , 23, 7, 16
2016/11/28, 175, , 35, 12, 15
2016/11/29, 296, , 30, 7, 17
2016/11/30, 296, , 28, 7, 14
2016/12/1, 296, , 31, 5, 11
2016/12/2, 271, , 27, 5, 10
2016/12/3, 212, , 32, 6, 20
2016/12/4, 178, , 41, 2, 
2016/12/5, 233, , 53, 7, 
2016/12/6, 313, , 39, 8, 
2016/12/7, 253, , 76, 23, 72
2016/12/8, 269, , 81, 15, 30
2016/12/9, 364, , 64, 8, 9
2016/12/10, 240, , 62, 5, 14
2016/12/11, 234, , 47, 3, 14
2016/12/12, 222, , 44, 9, 10
2016/12/13, 213, , 29, 3, 8
2016/12/14, 188, , 36, 4, 9
2016/12/15, 226, , 27, 9, 13
2016/12/16, 247, , 33, 5, 14
2016/12/17, 255, , 36, 4, 8
2016/12/18, 249, , 39, 5, 11
2016/12/19, 261, , 24, 3, 9
2016/12/20, 222, , 24, 3, 8
2016/12/21, 189, , 38, 6, 11
2016/12/22, 212, , 48, 9, 26
2016/12/23, 251, , 41, 12, 24
2016/12/24, 177, , 27, 5, 20
2016/12/25, 184, , 24, 9, 7
2016/12/26, 180, , 31, 6, 11
2016/12/27, 181, , 44, 9, 14
2016/12/28, 184, , 42, 19, 12
2016/12/29, 188, , 31, 18, 8
2016/12/30, 182, , 36, 13, 14
2016/12/31, 183, , 29, 13, 15
2017/1/1, 182, , 29, 13, 11
2016/7/1, 160, , , 2, 4
2016/7/2, 158, , , 3, 3
2016/7/3, 165, , , 4, 3
2016/7/4, 161, , , 3, 3
2016/7/5, 169, , , 4, 4
2016/7/6, 167, , , 4, 4
2016/7/7, 161, , , 6, 4
2016/7/8, 164, , , 3, 4
2016/7/9, 157, , , 4, 5
2016/7/10, 161, , , 4, 4
2016/7/11, 163, , , 3, 4
2016/7/12, 156, , , 2, 5
2016/7/13, 161, , , 2, 5
2016/7/14, 164, , , 2, 5
2016/7/15, 162, , , 2, 4
2016/7/16, 189, , , 2, 4
2016/7/17, 158, , , 2, 5
2016/7/18, 156, , , 2, 3
2016/7/19, 159, , , 1, 3
2016/7/20, 161, , , 1, 
2016/7/21, 154, , , 5, 
2016/7/22, 167, , , 3, 
2016/7/23, 157, , , , 
2016/7/25, 160, , , , 
2016/7/27, 79, , , 3, 3
2016/7/28, 132, , , , 
2016/8/2, 145, , , 3, 6
2016/8/3, 125, , , 3, 5
2016/8/4, 144, , , 3, 4
2016/8/5, 147, , , 3, 6
2016/8/6, 123, , , 3, 5
2016/8/7, 130, , , 3, 4
2016/8/8, 121, , , 8, 5
2016/8/9, 154, , , 15, 6
2016/8/10, 133, , , 8, 4
2016/8/11, 152, , , 4, 
2016/8/12, 170, , , 11, 
2016/8/13, 168, , , 11, 
2016/8/14, 174, , , 7, 
2016/8/15, 149, , , 7, 
2016/8/16, 143, , , 6, 
2016/8/17, 152, , , 10, 
2016/8/18, 160, , , 7, 
2016/8/19, 157, , , 7, 
2016/8/20, 134, , , 12, 
2016/8/21, 128, , , 8, 
2016/8/22, 107, , , 15, 
2016/8/23, 123, , , 12, 
2016/8/24, 98, , , 14, 
2016/8/25, 106, , , 8, 
2016/8/26, 119, , , 2, 
2016/8/27, 97, , , 3, 
2016/8/28, 119, , , 2, 
2016/8/29, 96, , , 2, 
2016/8/30, 113, , , 2, 
2016/8/31, 100, , , 3, 
2016/9/1, 119, , , 2, 
2016/9/2, 343, , , 4, 
2016/9/3, 240, , , 3, 
2016/9/4, 115, , , 3, 
2016/9/5, 118, , , 2, 
2016/9/6, 105, , , 3, 
2016/9/7, 122, , , 3, 
2016/9/8, 136, , , 3, 
2016/9/9, 151, , , 3, 
2016/9/10, 151, , , 3, 
2016/9/11, 154, , , 3, 
2016/9/12, 156, , , 3, 
2016/9/13, 165, , , , 
2016/9/15, 160, , , 5, 
2016/9/16, 158, , , 4, 
2016/9/17, 154, , , 4, 
2016/9/18, 156, , , 5, 
2016/9/19, 157, , , 8, 
2016/9/20, 158, , , 7, 
2016/9/21, 164, , , 6, 
2016/9/22, 123, , , 3, 
2016/9/23, 121, , , 3, 
2016/9/24, 119, , , 3, 
2016/9/25, 124, , , 4, 
2016/9/26, 153, , , 3, 
2016/9/27, 144, , , 3, 
2016/9/28, 171, , , 5, 
2016/9/29, 172, , , 8, 
2016/9/30, 158, , , 4, 
2016/4/11, 201, , , 4, 4
2016/4/12, 188, , , 4, 4
2016/4/13, 122, , , 5, 5
2016/4/14, 144, , , 8, 7
2016/4/15, 183, , , 5, 5
2016/4/16, 175, , , 5, 4
2016/4/17, 175, , , 5, 5
2016/4/18, 172, , , 6, 4
2016/4/19, 182, , , 6, 3
2016/4/20, 177, , , 5, 4
2016/4/21, 177, , , 6, 5
2016/4/22, 178, , , , 
2016/4/25, 175, , , 12, 6
2016/4/26, 197, , , 7, 7
2016/4/27, 207, , , 7, 5
2016/4/28, 200, , , 8, 5
2016/4/29, 198, , , 10, 6
2016/4/30, 210, , , 7, 6
2016/5/1, 209, , , 5, 4
2016/5/2, 189, , , 7, 4
2016/5/3, 199, , , 10, 4
2016/5/4, 183, , , 7, 4
2016/5/5, 171, , , 6, 3
2016/5/6, 164, , , 8, 4
2016/5/7, 172, , , 14, 3
2016/5/8, 175, , , 8, 6
2016/5/9, 170, , , 11, 4
2016/5/10, 171, , , 5, 3
2016/5/11, 167, , , 7, 5
2016/5/12, 171, , , 6, 4
2016/5/13, 186, , , 7, 4
2016/5/14, 178, , , 7, 5
2016/5/15, 185, , , 7, 3
2016/5/16, 176, , , 5, 4
2016/5/17, 175, , , 6, 3
2016/5/18, 175, , , 8, 3
2016/5/19, 180, , 33, 3, 3
2016/5/20, 174, , 24, 8, 3
2016/5/21, 174, , 17, 7, 6
2016/5/22, 164, , 9, 5, 3
2016/5/23, 180, , 7, 4, 4
2016/5/24, 170, , 10, 3, 3
2016/5/25, 191, , 7, 4, 2
2016/5/26, 195, , 8, 5, 2
2016/5/27, 283, , 7, 4, 2
2016/5/28, 209, , , , 
2016/5/31, 214, , 5, 5, 2
2016/6/1, 184, , 6, 3, 2
2016/6/2, 181, , 8, 6, 2
2016/6/3, 206, , 8, 6, 3
2016/6/4, 185, , 4, 5, 3
2016/6/5, 170, , 4, 4, 1
2016/6/6, 199, , 3, 4, 1
2016/6/7, 160, , 5, 7, 2
2016/6/8, 164, , 5, 4, 1
2016/6/9, 185, , , 4, 4
2016/6/10, 176, , , 3, 2
2016/6/11, 175, , , 4, 2
2016/6/12, 171, , , 3, 2
2016/6/13, 188, , , 4, 3
2016/6/14, 203, , , 5, 3
2016/6/15, 187, , , 4, 1
2016/6/16, 167, , , 6, 2
2016/6/17, 180, , , 5, 2
2016/6/18, 193, , , 5, 1
2016/6/19, 188, , , 6, 2
2016/6/20, 207, , , 5, 2
2016/6/21, 172, , , 4, 2
2016/6/22, 197, , , 5, 2
2016/6/23, 239, , , 5, 1
2016/6/24, 204, , , , 
2016/6/27, 180, , , 4, 3
2016/6/28, 274, , , 3, 3
2016/6/29, 180, , , 6, 3
2016/6/30, 210, , , 3, 5
2016/1/4, 346, , 51, 6, 13
2016/1/5, 311, , 41, 4, 14
2016/1/6, 297, , , , 
2016/1/8, 318, , , , 
2016/1/9, 225, , , , 
2016/2/1, 167, , , , 
2016/2/2, 167, , , , 
2016/2/7, 199, , , , 
2016/2/8, 199, , , , 
2016/2/13, 247, , , 5, 
2016/2/14, 247, , , , 
2016/2/17, 208, , , 6, 
2016/2/21, 179, , , , 
2016/2/25, 303, , , , 
2015/11/9, 165, , 33, 3, 
2015/11/10, 208, , 29, 4, 6
2015/11/11, 203, , 26, 3, 7
2015/11/12, 260, , 35, 3, 9
2015/11/13, 257, , 30, 3, 7
2015/11/14, 202, , 28, 3, 7
2015/11/15, 171, , 36, 3, 8
2015/11/16, 183, , 27, 3, 4
2015/11/17, 158, , 38, 3, 7
2015/11/18, 178, , 38, 4, 9
2015/11/19, 204, , 37, 3, 11
2015/11/20, 318, , 54, 3, 28
2015/11/22, 192, , 48, 3, 19
2015/11/23, 290, , 47, 2, 8
2015/11/24, 230, , 29, 2, 4
2015/11/25, 162, , 44, 3, 6
2015/11/26, 170, , 39, 3, 9
2015/11/27, 188, , 22, 3, 4
2015/11/28, 196, , 19, 3, 8
2015/11/29, 200, , 29, 4, 7
2015/11/30, 227, , 24, 3, 5
2015/12/1, 180, , 25, 5, 5
2015/12/2, 175, , 30, 4, 4
2015/12/3, 184, , 26, 3, 6
2015/12/4, 171, , 42, 4, 5
2015/12/5, 227, , , , 
2015/12/7, 244, , , 3, 11
2015/12/8, 265, , , 3, 4
2015/12/9, 219, , , 5, 4
2015/12/10, 199, , , 3, 4
2015/12/11, 188, , , 2, 3
2015/12/12, 180, , , 3, 3
2015/12/13, 157, , , 3, 5
2015/12/14, 153, , , 3, 8
2015/12/15, 155, , , 3, 13
2015/12/16, 185, , , 4, 9
2015/12/17, 238, , , 3, 7
2015/12/18, 255, , , 3, 10
2015/12/19, 202, , , 4, 14
2015/12/20, 257, , , 4, 10
2015/12/21, 227, , , 6, 19
2015/12/22, 293, , , 3, 15
2015/12/23, 381, , , 2, 7
2015/12/24, 174, , , 3, 9
2015/12/25, 157, , , 3, 8
2015/12/26, 169, , , 3, 7
2015/12/27, 175, , 61, 3, 8
2015/12/28, 172, , 28, 3, 7
2015/12/29, 183, , 18, 4, 8
2015/12/30, 262, , , , 
2016/1/3, 223, , 79, 6, 11
2015/5/13, 147, , 18, 5, 1
2015/5/14, 148, , 18, 7, 
2015/5/15, 153, , 24, 7, 
2015/5/21, 109, , 14, 7, 
2015/5/22, 151, , 12, 3, 
2015/5/23, 151, , 12, 3, 
2015/5/24, 152, , 10, 9, 
2015/5/25, 156, , 14, 6, 
2015/5/26, 154, , 16, 2, 
2015/1/1, , 149, 8, 3, 3
2015/1/2, , 78, 9, , 3
2015/1/3, , 54, , , 
2015/1/19, , 105, , , 
2015/2/2, , 143, 22, 5, 
2015/2/3, , 112, , , 
2015/2/5, , 121, 49, 6, 2
2015/2/6, , 126, , , 
2015/2/9, , 129, 32, 6, 3
2015/2/10, , 124, 29, 8, 3
2015/2/11, , 15, 20, 5, 5
2015/2/12, , 367, 18, 8, 5
2015/2/13, , 899, , , 
2015/2/18, , 204, , , 
2015/3/2, , 62, 13, 5, 5
2015/3/3, , 53, , , 
2015/3/9, , 58, 15, 5, 5
2015/3/10, , 58, 22, 11, 6
2015/3/11, , 68, 26, 9, 5
2015/3/12, , 73, 8, 10, 5
2014/10/1, , 131, 8, 3, 6
2014/10/2, , 109, 8, 3, 6
2014/10/3, , 107, 9, 3, 5
2014/10/4, , 115, 8, 3, 6
2014/10/5, , 111, 10, 3, 6
2014/10/6, , 121, , , 
2014/10/14, , 69, , , 
2014/10/16, , 209, , , 
2014/10/18, , 231, , , 
2014/10/20, , 111, , , 
2014/10/22, , 134, , , 
2014/10/24, , 116, , , 
2014/10/27, , 106, 15, 15, 9
2014/10/28, , 132, 11, 14, 4
2014/10/29, , 138, 11, 5, 11
2014/10/30, , 147, 10, 7, 7
2014/10/31, , 135, , , 
2014/11/3, , 127, 7, 6, 6
2014/11/4, , 114, 11, 4, 7
2014/11/5, , 110, 11, 2, 6
2014/11/6, , 101, 12, 4, 10
2014/11/7, , 123, 16, 4, 14
2014/11/8, , 144, 12, 6, 9
2014/11/9, , 132, 20, 10, 7
2014/11/10, , 153, 27, 4, 5
2014/11/11, , 122, 15, 3, 5
2014/11/12, , 106, , , 
2014/11/14, , 133, , , 
2014/11/17, , 136, 17, 5, 5
2014/11/18, , 117, 16, 8, 8
2014/11/19, , 135, 17, 6, 7
2014/11/20, , 139, , , 
2014/11/24, , 157, 14, 8, 7
2014/11/25, , 124, 11, 4, 8
2014/11/26, , 121, 12, 7, 11
2014/11/27, , 159, 10, 15, 14
2014/11/28, , 151, 9, 12, 6
2014/11/29, , 117, , , 
2014/12/1, , 125, 15, 6, 5
2014/12/2, , 142, 11, 10, 5
2014/12/3, , 109, 9, 4, 8
2014/12/4, , 855, 10, 10, 9
2014/12/5, , 107, , , 
2014/12/8, , 57, 13, 34, 8
2014/12/9, , 122, 8, 6, 4
2014/12/10, , 98, , , 
2014/12/12, , 116, 8, 9, 5
2014/12/13, , 121, 8, 3, 6
2014/12/14, , 65, 8, 5, 5
2014/12/15, , 72, 7, 2, 4
2014/12/16, , 58, 8, 4, 3
2014/12/17, , 88, 9, 5, 5
2014/12/18, , 119, 8, 8, 6
2014/12/19, , 159, , , 
2014/12/22, , 117, 7, 7, 6
2014/12/23, , 117, , , 
2014/12/26, , 101, , , 
2014/7/1, , 100, 4, 3, 9
2014/7/2, , 104, 2, 3, 11
2014/7/3, , 90, 3, 1, 8
2014/7/4, , 96, 5, 4, 10
2014/7/5, , 93, 7, 6, 13
2014/7/6, , 100, , 2, 5
2014/7/7, , 91, 1, 3, 7
2014/7/8, , 103, , 2, 11
2014/7/9, , 121, , , 
2014/7/11, , 118, , , 
2014/7/14, , 173, , , 
2014/7/16, , 203, 2, 5, 10
2014/7/17, , 155, , , 
2014/7/21, , 120, 5, 4, 8
2014/7/22, , 127, 1, 4, 
2014/7/23, , 72, , 4, 20
2014/7/24, , 187, , 4, 7
2014/7/25, , 200, , , 
2014/7/28, , 276, , , 
2014/7/31, , 168, , , 
2014/8/4, , 130, , , 
2014/8/9, , 155, , , 
2014/8/12, , 108, , , 
2014/8/14, , 589, , , 
2014/8/19, , 254, , , 
2014/8/25, , 76, , , 
2014/9/2, , 40, , , 
2014/9/17, , 109, 9, 3, 5
2014/9/18, , 111, 7, 3, 6
2014/9/19, , 103, , , 
2014/9/22, , 92, 5, 3, 4
2014/9/23, , 91, 5, 2, 4
2014/9/24, , 99, 4, 3, 3
2014/9/25, , 93, 5, 3, 3
2014/9/26, , 104, 5, 3, 4
2014/9/27, , 100, 4, 3, 5
2014/9/28, , 94, 7, 3, 3
2014/9/29, , 105, 6, 3, 5
2014/9/30, , 105, 10, 3, 7
2014/4/1, , 106, 20, 16, 5
2014/4/2, , 120, 6, 9, 4
2014/4/3, , 88, , , 
2014/4/7, , 107, , , 
2014/4/9, , 109, , , 
2014/4/11, , 110, , , 
2014/4/15, , 137, 8, 2, 6
2014/4/16, , 96, , , 
2014/4/21, , 131, 2, 1, 4
2014/4/22, , 93, 4, 4, 5
2014/4/23, , 112, , , 
2014/5/8, , 176, , , 
2014/5/29, , 128, 12, 12, 9
2014/5/30, , 205, , , 
2014/6/3, , 79, 7, 4, 6
2014/6/4, , 100, 15, 8, 7
2014/6/5, , 136, , , 
2014/6/10, , 133, 1, 3, 5
2014/6/11, , 110, , , 
2014/6/16, , 120, 6, 4, 9
2014/6/17, , 120, 3, 2, 10
2014/6/18, , 115, 5, 3, 7
2014/6/19, , 121, 2, 4, 6
2014/6/20, , 131, 7, 2, 6
2014/6/21, , 156, , , 
2014/6/23, , 103, 3, 1, 6
2014/6/24, , 103, 5, 3, 7
2014/6/25, , 89, 3, 4, 6
2014/6/26, , 96, 3, 3, 6
2014/6/27, , 96, 2, 3, 6
2014/6/28, , 104, 2, 2, 7
2014/6/29, , 95, 2, 1, 7
2014/6/30, , 134, 3, 2, 7
2014/1/1, , 118, 20, 5, 13
2014/1/2, , 111, 20, 3, 8
2014/1/3, , 119, 24, 3, 10
2014/1/4, , 317, 18, 3, 7
2014/1/5, , 193, 28, 4, 5
2014/1/6, , 153, 14, 3, 5
2014/1/9, , 225, 18, 3, 3
2014/1/10, , 147, 16, 3, 5
2014/1/11, , 121, 8, 3, 3
2014/1/12, , 86, 20, 4, 5
2014/1/13, , 144, 12, 5, 26
2014/1/14, , 148, 17, 6, 8
2014/1/15, , 234, 16, 7, 8
2014/1/16, , 294, 10, 7, 3
2014/1/17, , 134, 9, 5, 2
2014/1/18, , 83, 12, 7, 6
2014/1/19, , 417, 21, 10, 5
2014/1/20, , 482, 12, 8, 3
2014/1/21, , 86, 14, 9, 7
2014/1/22, , 235, 8, 8, 5
2014/1/23, , 238, 6, 2, 7
2014/1/24, , 514, , , 
2014/1/28, , 302, 19, 14, 6
2014/1/29, , 280, 21, 12, 3
2014/1/30, , 103, 11, 4, 5
2014/2/1, , 123, 25, 13, 5
2014/2/2, , 138, 24, 4, 4
2014/2/3, , 121, 8, 7, 4
2014/2/4, , 104, 6, 10, 2
2014/2/5, , 88, 14, 17, 3
2014/2/6, , 879, 9, 11, 3
2014/2/7, , 999, , , 
2014/2/10, , 91, 17, 14, 5
2014/2/11, , 249, 22, 9, 5
2014/2/12, , 115, 22, 12, 6
2014/2/13, , 137, 13, 4, 5
2014/2/14, , 74, 8, 2, 5
2014/2/15, , 76, , , 
2014/2/17, , 94, 8, 2, 5
2014/2/18, , 95, 28, 18, 6
2014/2/19, , 241, 31, 12, 5
2014/2/20, , 304, 13, 6, 5
2014/2/21, , 152, , , 
2014/2/24, , 80, 9, 4, 5
2014/2/25, , 92, 18, 12, 6
2014/2/26, , 115, , , 
2014/3/3, , 50, , , 
2014/3/7, , 96, , , 
2014/3/10, , 107, 7, 3, 4
2014/3/11, , 87, 6, 11, 3
2014/3/12, , 116, 6, 6, 4
2014/3/13, , 99, , , 
2014/3/20, , 116, , , 
2014/3/24, , 107, 6, 5, 4
2014/3/25, , 112, 3, 12, 4
2014/3/26, , 92, 2, 10, 3
2014/3/27, , 101, 6, 5, 3
2014/3/28, , 98, , 5, 3
2014/3/29, , 117, , , 
2020/5/1, , , 11, 4, 15
2020/5/2, , , 10, 4, 2
2020/5/3, , , 10, 4, 8
2020/5/4, , , 10, 4, 8
2020/5/5, , , 12, 4, 8
2020/5/6, , , 13, 2, 4
2020/5/7, , , 9, 2, 4
2020/5/8, , , 13, 1, 6
2020/5/9, , , 11, 1, 2
2020/5/10, , , 11, 2, 8
2020/5/11, , , 13, 2, 5
2020/5/12, , , 11, 3, 2
2020/5/13, , , 12, 8, 3
2020/5/14, , , 17, 3, 14
2020/5/15, , , 18, 5, 4
2020/5/16, , , 20, 2, 9
2020/5/17, , , 22, 3, 3
2020/5/18, , , 28, , 
2020/4/1, , , 7, 4, 4
2020/4/2, , , 5, 3, 4
2020/4/3, , , 6, 5, 9
2020/4/4, , , 5, 9, 6
2020/4/5, , , 3, 10, 7
2020/4/6, , , 6, 5, 5
2020/4/7, , , 9, 4, 2
2020/4/8, , , 9, 4, 4
2020/4/9, , , 9, 5, 8
2020/4/10, , , 10, 9, 7
2020/4/11, , , 10, 5, 6
2020/4/12, , , 8, 7, 7
2020/4/13, , , 9, 9, 8
2020/4/14, , , 8, 8, 9
2020/4/15, , , 9, 14, 9
2020/4/16, , , 9, 5, 8
2020/4/17, , , 5, 5, 11
2020/4/18, , , 5, 4, 4
2020/4/19, , , 5, 8, 6
2020/4/20, , , 6, 6, 7
2020/4/21, , , 5, 7, 7
2020/4/22, , , 6, 6, 7
2020/4/23, , , 6, 8, 9
2020/4/24, , , 5, 5, 9
2020/4/25, , , 5, 8, 4
2020/4/26, , , 5, 5, 6
2020/4/27, , , 5, 5, 8
2020/4/28, , , 9, 7, 6
2020/4/29, , , 9, 4, 11
2020/4/30, , , 12, 4, 17
2020/3/1, , , 24, 9, 7
2020/3/2, , , 26, 4, 9
2020/3/3, , , 36, 12, 12
2020/3/4, , , 25, 5, 15
2020/3/5, , , 19, 6, 8
2020/3/6, , , 18, 9, 7
2020/3/7, , , 15, 13, 8
2020/3/8, , , 14, 5, 6
2020/3/9, , , 15, 3, 7
2020/3/10, , , 12, 3, 9
2020/3/11, , , 10, 7, 10
2020/3/12, , , 12, 7, 5
2020/3/13, , , 12, 5, 9
2020/3/14, , , 9, 8, 10
2020/3/15, , , 9, 7, 9
2020/3/16, , , 15, 5, 7
2020/3/17, , , 16, 5, 8
2020/3/18, , , 16, 9, 7
2020/3/19, , , 16, 8, 8
2020/3/20, , , 18, 7, 5
2020/3/21, , , 15, 7, 6
2020/3/22, , , 10, 4, 6
2020/3/23, , , 11, 5, 5
2020/3/24, , , 8, 5, 1
2020/3/25, , , 6, , 
2020/3/27, , , 4, 5, 4
2020/3/28, , , 6, 2, 5
2020/3/29, , , 7, 4, 4
2020/3/30, , , 7, 5, 3
2020/3/31, , , 6, 7, 4
2020/2/1, , , 19, 8, 8
2020/2/2, , , 24, 7, 9
2020/2/3, , , 28, 8, 10
2020/2/4, , , 31, 8, 7
2020/2/5, , , 24, 6, 7
2020/2/6, , , 24, 7, 7
2020/2/7, , , 25, 8, 7
2020/2/8, , , 25, 8, 7
2020/2/9, , , 24, 10, 8
2020/2/10, , , 26, 7, 8
2020/2/11, , , 24, 10, 7
2020/2/12, , , 21, 9, 12
2020/2/13, , , 19, 6, 5
2020/2/14, , , 27, 9, 4
2020/2/15, , , 25, 9, 10
2020/2/16, , , 31, 10, 9
2020/2/17, , , 33, 9, 8
2020/2/18, , , 31, 24, 16
2020/2/19, , , 41, 13, 7
2020/2/20, , , 18, 5, 11
2020/2/21, , , 11, 5, 9
2020/2/22, , , 18, 2, 1
2020/2/23, , , 16, 8, 3
2020/2/24, , , 22, 7, 7
2020/2/25, , , 23, 6, 10
2020/2/26, , , 29, 6, 9
2020/2/27, , , 27, 6, 6
2020/2/28, , , 17, 7, 4
2020/2/29, , , 17, 7, 6
2020/1/1, , , 30, 34, 18
2020/1/2, , , 27, 14, 12
2020/1/3, , , 27, 24, 12
2020/1/4, , , 34, 3, 6
2020/1/5, , , 28, 11, 6
2020/1/6, , , 29, 2, 7
2020/1/7, , , 25, 6, 7
2020/1/8, , , 21, 4, 5
2020/1/9, , , 16, 5, 6
2020/1/10, , , 27, 6, 14
2020/1/11, , , 29, 4, 18
2020/1/12, , , 38, 4, 16
2020/1/13, , , 32, 3, 11
2020/1/14, , , 18, 2, 6
2020/1/15, , , 22, 2, 8
2020/1/16, , , 23, 12, 9
2020/1/17, , , 20, 7, 6
2020/1/18, , , 20, 11, 6
2020/1/19, , , 19, 15, 10
2020/1/20, , , 24, 16, 12
2020/1/21, , , 29, 9, 10
2020/1/22, , , 43, 4, 4
2020/1/23, , , 19, 3, 5
2020/1/24, , , 25, 6, 7
2020/1/25, , , 33, 7, 12
2020/1/26, , , 24, 8, 14
2020/1/27, , , 44, 6, 11
2020/1/28, , , 20, 5, 5
2020/1/29, , , 22, 5, 5
2020/1/30, , , 22, 6, 5
2020/1/31, , , 25, 5, 8
2019/10/5, , , 16, 6, 3
2019/10/6, , , 22, 6, 5
2019/10/7, , , 23, 6, 5
2019/10/8, , , 20, 9, 7
2019/10/9, , , 42, 11, 6
2019/10/10, , , 22, 11, 5
2019/10/11, , , 21, 11, 5
2019/10/12, , , 24, 11, 8
2019/10/13, , , 27, 11, 7
2019/10/14, , , 21, 13, 8
2019/10/15, , , 25, 13, 6
2019/10/16, , , 27, 25, 8
2019/10/17, , , 30, 14, 8
2019/10/18, , , 22, 6, 6
2019/10/19, , , 26, 6, 7
2019/10/20, , , 24, 7, 9
2019/10/21, , , 25, 8, 10
2019/10/22, , , 24, 9, 14
2019/10/23, , , 26, 11, 13
2019/10/24, , , 26, 13, 10
2019/10/25, , , 18, 3, 11
2019/10/26, , , 21, 4, 14
2019/10/27, , , 30, 4, 13
2019/10/28, , , 29, 5, 17
2019/10/29, , , 33, 7, 18
2019/10/30, , , 32, 10, 18
2019/10/31, , , 29, 9, 15
2019/11/1, , , 21, 6, 9
2019/11/2, , , 27, 8, 15
2019/11/3, , , 27, 10, 10
2019/11/4, , , 13, 7, 8
2019/11/5, , , 24, 7, 8
2019/11/6, , , 32, 4, 7
2019/11/7, , , 29, 7, 8
2019/11/8, , , 25, 5, 5
2019/11/9, , , 23, 5, 6
2019/11/10, , , 27, 5, 9
2019/11/11, , , 29, 9, 12
2019/11/12, , , 33, 10, 11
2019/11/13, , , 29, 13, 16
2019/11/14, , , 40, 17, 11
2019/11/15, , , 30, 14, 9
2019/11/16, , , 27, 7, 5
2019/11/17, , , 23, 6, 7
2019/11/18, , , 24, 10, 9
2019/11/19, , , 31, 15, 15
2019/11/20, , , 58, 17, 14
2019/11/21, , , 45, 9, 13
2019/11/22, , , 39, 5, 7
2019/11/23, , , 29, 3, 5
2019/11/24, , , 23, 7, 9
2019/11/25, , , 23, 13, 7
2019/11/26, , , 28, 7, 8
2019/11/27, , , 22, 1, 4
2019/11/28, , , 11, 3, 6
2019/11/29, , , 17, 5, 9
2019/11/30, , , 22, 8, 4
2019/12/1, , , 28, 9, 9
2019/12/2, , , 33, 11, 9
2019/12/3, , , 35, 20, 14
2019/12/4, , , 34, 22, 18
2019/12/5, , , 36, 11, 12
2019/12/6, , , 30, 10, 12
2019/12/7, , , 28, 18, 15
2019/12/8, , , 31, 12, 10
2019/12/9, , , 33, 12, 14
2019/12/10, , , 39, 12, 19
2019/12/11, , , 54, 18, 9
2019/12/12, , , 42, 2, 6
2019/12/13, , , 19, 5, 5
2019/12/14, , , 23, 7, 3
2019/12/15, , , 25, 3, 3
2019/12/16, , , 17, 2, 4
2019/12/17, , , 16, 5, 6
2019/12/18, , , 24, 13, 11
2019/12/19, , , 33, 22, 13
2019/12/20, , , 41, 15, 8
2019/12/21, , , 28, 2, 6
2019/12/22, , , 18, 1, 7
2019/12/23, , , 19, 7, 9
2019/12/24, , , 31, 8, 5
2019/12/25, , , 18, 5, 6
2019/12/26, , , 21, 9, 8
2019/12/27, , , 24, 15, 10
2019/12/28, , , 24, 16, 8
2019/12/29, , , 28, , 
2019/7/1, , , 6, 6, 4
2019/7/2, , , 10, 5, 4
2019/7/3, , , 8, 6, 5
2019/7/4, , , 8, 8, 6
2019/7/5, , , 6, 6, 5
2019/7/6, , , 12, 4, 4
2019/7/7, , , 14, 5, 5
2019/7/8, , , 16, 4, 4
2019/7/9, , , 15, 5, 4
2019/7/10, , , 14, 5, 3
2019/7/11, , , 12, 5, 6
2019/7/12, , , 12, 5, 3
2019/7/13, , , 11, 5, 4
2019/7/14, , , 10, 5, 4
2019/7/15, , , 14, 5, 4
2019/7/16, , , 12, 4, 6
2019/7/17, , , 21, 3, 6
2019/7/18, , , 14, 4, 9
2019/7/19, , , 16, 3, 6
2019/7/20, , , 12, 4, 7
2019/7/21, , , 6, 6, 12
2019/7/22, , , 17, 5, 7
2019/7/23, , , 21, 6, 9
2019/7/24, , , 13, 4, 4
2019/7/25, , , 18, 4, 5
2019/7/26, , , 23, 4, 6
2019/7/27, , , 17, 4, 4
2019/7/28, , , 12, 4, 6
2019/7/29, , , 16, 4, 5
2019/7/30, , , 10, 4, 5
2019/7/31, , , 13, 4, 4
2019/8/1, , , 11, 4, 5
2019/8/2, , , 8, 4, 5
2019/8/3, , , 12, 6, 6
2019/8/4, , , 13, 5, 8
2019/8/5, , , 14, 1, 12
2019/8/6, , , 25, 3, 7
2019/8/7, , , 46, 3, 7
2019/8/8, , , 24, 3, 7
2019/8/9, , , 12, 3, 7
2019/8/10, , , 13, , 
2019/8/12, , , 7, 10, 5
2019/8/13, , , 7, 9, 13
2019/8/14, , , 10, 11, 7
2019/8/15, , , 5, 5, 5
2019/8/16, , , 6, 3, 4
2019/8/17, , , 4, 13, 7
2019/8/18, , , 6, 14, 9
2019/8/19, , , 6, 7, 9
2019/8/20, , , 6, 2, 9
2019/8/21, , , 6, 3, 8
2019/8/22, , , 7, 3, 11
2019/8/23, , , 4, 4, 15
2019/8/24, , , 6, 2, 7
2019/8/25, , , 8, 3, 7
2019/8/26, , , 7, 4, 9
2019/8/27, , , 6, 2, 8
2019/8/28, , , 3, 3, 6
2019/8/29, , , 12, 2, 4
2019/8/30, , , 14, 3, 8
2019/8/31, , , 10, 3, 6
2019/9/1, , , 7, 3, 5
2019/9/2, , , 7, 5, 6
2019/9/3, , , 6, 7, 5
2019/9/4, , , 32, 7, 3
2019/9/5, , , 10, 7, 3
2019/9/6, , , 11, 7, 3
2019/9/7, , , 13, 7, 4
2019/9/8, , , 16, 8, 6
2019/9/9, , , 14, 8, 4
2019/9/10, , , 10, 8, 5
2019/9/11, , , 9, 9, 4
2019/9/12, , , 14, 2, 3
2019/9/13, , , 11, 2, 2
2019/9/14, , , 6, 3, 4
2019/9/15, , , 4, 4, 5
2019/9/16, , , 8, 4, 5
2019/9/17, , , 7, 3, 2
2019/9/18, , , 8, 3, 2
2019/9/19, , , 13, 4, 3
2019/9/20, , , 10, 4, 4
2019/9/21, , , 11, 5, 4
2019/9/22, , , 3, 4, 3
2019/9/23, , , 12, 5, 4
2019/9/24, , , 19, 5, 3
2019/9/25, , , 13, 5, 4
2019/9/26, , , 15, 5, 9
2019/9/27, , , 25, 4, 10
2019/9/28, , , 8, 4, 1
2019/9/29, , , 8, 5, 1
2019/9/30, , , 10, , 
2019/4/1, , , 16, 10, 7
2019/4/2, , , 21, 8, 9
2019/4/3, , , 31, 21, 12
2019/4/4, , , 27, 9, 11
2019/4/5, , , 26, 4, 9
2019/4/6, , , 23, 2, 10
2019/4/7, , , 9, 1, 7
2019/4/8, , , 18, 4, 9
2019/4/9, , , 19, 6, 10
2019/4/10, , , 19, 6, 8
2019/4/11, , , 16, 6, 6
2019/4/12, , , 16, 8, 4
2019/4/13, , , 15, , 
2019/4/15, , , 21, 4, 7
2019/4/16, , , 11, 4, 6
2019/4/17, , , 8, 8, 8
2019/4/18, , , 14, 10, 8
2019/4/19, , , 19, 16, 9
2019/4/20, , , 20, 15, 14
2019/4/21, , , 24, 16, 12
2019/4/22, , , 24, 9, 12
2019/4/23, , , 23, 8, 8
2019/4/24, , , 28, 7, 9
2019/4/25, , , 13, 6, 8
2019/4/26, , , 21, 10, 5
2019/4/27, , , 16, 5, 5
2019/4/28, , , 16, 5, 6
2019/4/29, , , 20, 12, 7
2019/4/30, , , 18, 19, 8
2019/5/1, , , 16, 4, 8
2019/5/2, , , 13, 12, 7
2019/5/3, , , 13, 13, 6
2019/5/4, , , 20, 11, 6
2019/5/5, , , 22, 14, 12
2019/5/6, , , 31, 14, 11
2019/5/7, , , 27, 22, 15
2019/5/8, , , 25, 14, 8
2019/5/9, , , 23, 12, 5
2019/5/10, , , 13, 12, 8
2019/5/11, , , 15, 8, 8
2019/5/12, , , 13, 21, 12
2019/5/13, , , 20, 5, 7
2019/5/14, , , 11, 5, 11
2019/5/15, , , 43, 6, 8
2019/5/16, , , 22, 4, 7
2019/5/17, , , 19, 1, 22
2019/5/18, , , 10, 4, 29
2019/5/19, , , 17, 7, 6
2019/5/20, , , 23, 8, 7
2019/5/21, , , 20, 6, 8
2019/5/22, , , 20, 9, 9
2019/5/23, , , 22, 4, 6
2019/5/24, , , 13, 3, 5
2019/5/25, , , 11, 4, 6
2019/5/26, , , 12, 7, 6
2019/5/27, , , 18, 8, 7
2019/5/28, , , 21, 11, 6
2019/5/29, , , 20, 6, 11
2019/5/30, , , 26, 8, 9
2019/5/31, , , 19, 7, 13
2019/6/1, , , 22, 2, 6
2019/6/2, , , 11, 1, 5
2019/6/3, , , 8, 2, 4
2019/6/4, , , 10, 4, 7
2019/6/5, , , 19, 5, 6
2019/6/6, , , 40, 3, 6
2019/6/7, , , 10, 3, 8
2019/6/8, , , 13, 8, 12
2019/6/9, , , 24, 7, 12
2019/6/10, , , 25, 7, 10
2019/6/11, , , 20, 4, 4
2019/6/12, , , 9, 2, 6
2019/6/13, , , 9, 2, 5
2019/6/14, , , 14, 5, 5
2019/6/15, , , 21, 3, 4
2019/6/16, , , 6, 4, 8
2019/6/17, , , 9, 3, 6
2019/6/18, , , 9, 4, 5
2019/6/19, , , 16, 3, 4
2019/6/20, , , 11, 5, 7
2019/6/21, , , 13, 5, 6
2019/6/22, , , 13, 4, 4
2019/6/23, , , 6, 3, 4
2019/6/24, , , 5, 4, 5
2019/6/25, , , 8, 6, 6
2019/6/26, , , 11, 6, 6
2019/6/27, , , 10, 6, 5
2019/6/28, , , 12, 6, 5
2019/6/29, , , 10, 7, 6
2019/6/30, , , 10, 6, 5
2019/1/17, , , 33, 4, 13
2019/1/18, , , 32, 6, 14
2019/1/19, , , 41, 13, 24
2019/1/20, , , 54, 11, 13
2019/1/21, , , 28, 3, 14
2019/1/22, , , 13, 5, 5
2019/1/23, , , 18, , 
2019/1/25, , , 17, 2, 4
2019/1/26, , , 16, 1, 5
2019/1/27, , , 20, 2, 5
2019/1/28, , , 23, 3, 8
2019/1/29, , , 27, 6, 10
2019/1/30, , , 54, 14, 12
2019/1/31, , , 35, 8, 7
2019/2/1, , , 23, 3, 8
2019/2/2, , , 17, 3, 8
2019/2/3, , , 15, 6, 12
2019/2/4, , , 28, 12, 21
2019/2/5, , , 44, 8, 9
2019/2/6, , , 24, 3, 7
2019/2/7, , , 11, 3, 5
2019/2/8, , , 14, 2, 4
2019/2/9, , , 15, 3, 8
2019/2/10, , , 22, 4, 9
2019/2/11, , , 22, 5, 11
2019/2/12, , , 25, 6, 11
2019/2/13, , , 30, 6, 10
2019/2/14, , , 21, 4, 9
2019/2/15, , , 15, 2, 8
2019/2/16, , , 13, 3, 9
2019/2/17, , , 14, 5, 7
2019/2/18, , , 21, 5, 11
2019/2/19, , , 22, 5, 7
2019/2/20, , , 25, 5, 15
2019/2/21, , , 20, 4, 7
2019/2/22, , , 13, 1, 4
2019/2/23, , , 12, 2, 4
2019/2/24, , , 17, 5, 6
2019/2/25, , , 27, 4, 8
2019/2/26, , , 21, 2, 6
2019/2/27, , , 13, 4, 5
2019/2/28, , , 17, , 
2019/3/13, , , 35, 7, 8
2019/3/14, , , 16, 4, 5
2019/3/15, , , 19, 2, 6
2019/3/16, , , 23, 3, 5
2019/3/17, , , 18, 8, 6
2019/3/18, , , 25, 15, 8
2019/3/19, , , 30, 22, 9
2019/3/20, , , 30, 18, 9
2019/3/21, , , 18, 12, 4
2019/3/22, , , 13, 10, 4
2019/3/23, , , 16, 12, 6
2019/3/24, , , 17, 13, 5
2019/3/25, , , 17, 9, 5
2019/3/26, , , 21, 8, 6
2019/3/27, , , 26, 9, 9
2019/3/28, , , 33, 9, 10
2019/3/29, , , 33, 12, 7
2019/3/30, , , 27, 7, 3
2019/3/31, , , 16, 6, 4
2018/8/27, , , 28, 24, 3
2017/12/31, , , 22, 11, 14
2017/7/5, , , 15, 7, 2
2017/7/15, , , 12, 38, 1
2017/7/30, , , 24, 4, 4
2017/8/27, , , 9, 4, 5
2017/8/31, , , 6, , 2
2017/9/10, , , 8, 3, 6
2017/3/5, , , 33, 8, 5
2016/5/30, , , 8, 4, 2
2016/1/11, , , 49, , 
2015/11/8, , , 31, 3, 
2015/11/21, , , 41, 3, 11
2016/1/2, , , 27, 3, 
2015/4/3, , , 18, 8, 2
2015/4/5, , , 16, 16, 3
2015/4/6, , , 24, 6, 4
2015/4/7, , , 17, 6, 2
2015/4/8, , , 25, 20, 3
2015/4/9, , , 21, 4, 2
2015/4/10, , , 15, 3, 2
2015/4/12, , , 31, 4, 4
2015/4/13, , , 15, 4, 3
2015/4/15, , , 15, 13, 3
2015/4/16, , , 17, 4, 3
2015/4/17, , , 17, 4, 2
2015/4/18, , , 18, 5, 3
2015/4/20, , , 20, 10, 2
2015/4/21, , , 20, 10, 3
2015/4/22, , , 18, 4, 3
2015/4/23, , , 24, 6, 4
2015/4/24, , , 15, 2, 3
2015/4/25, , , 20, 7, 2
2015/4/26, , , 21, 8, 3
2015/4/27, , , 17, 7, 3
2015/4/28, , , 17, 5, 3
2015/4/29, , , 18, 6, 3
2015/4/30, , , 18, 6, 3
2015/5/1, , , 18, 8, 4
2015/5/2, , , 22, 5, 3
2015/5/3, , , 20, 5, 4
2015/5/4, , , 22, 3, 3
2015/5/5, , , 16, 5, 3
2015/5/6, , , 23, 3, 4
2015/5/7, , , 22, 3, 3
2015/5/8, , , 22, 3, 3
2015/5/9, , , 20, 3, 3
2015/5/10, , , 19, 8, 3
2015/5/11, , , 16, 6, 5
2015/5/12, , , 17, 4, 3
2014/12/31, , , 8, 10, 7
2015/1/6, , , 10, 3, 3
2015/1/18, , , 19, 5, 1
2015/2/1, , , 26, 8, 3
2015/2/4, , , 24, 5, 5
2015/2/8, , , 24, 6, 2
2015/2/17, , , 32, 24, 4
2015/3/1, , , 17, 4, 7
2015/3/8, , , 15, 8, 6
2015/3/15, , , 12, 12, 3
2015/3/16, , , 14, 12, 5
2015/3/17, , , 11, 7, 4
2015/3/19, , , 20, 9, 1
2015/3/22, , , 13, 2, 4
2015/3/26, , , 17, 13, 4
2015/3/29, , , 15, 5, 4
2015/3/30, , , 18, 9, 1
2015/4/2, , , 18, 8, 2
2015/4/4, , , 16, 16, 3
2014/10/15, , , 2, 15, 5
2014/10/17, , , 49, 1, 5
2014/10/19, , , 5, 3, 4
2014/10/23, , , 4, 7, 5
2014/10/26, , , 5, 4, 3
2014/11/2, , , 5, 4, 6
2014/11/13, , , 11, 4, 3
2014/11/16, , , 16, 9, 5
2014/11/23, , , 100, 5, 7
2014/11/30, , , 7, 1, 2
2014/12/7, , , 9, , 3
2014/12/11, , , 9, 13, 16
2014/12/21, , , 7, 12, 9
2014/12/25, , , 8, 2, 6
2014/7/10, , , 2, 5, 10
2014/7/13, , , 7, 3, 16
2014/7/15, , , 1, 4, 8
2014/7/20, , , , 3, 9
2014/7/27, , , 6, 3, 6
2014/7/30, , , 1, 1, 
2014/8/3, , , 9, 4, 4
2014/8/8, , , 8, 5, 4
2014/8/11, , , 10, 4, 3
2014/8/13, , , 8, 4, 2
2014/8/18, , , 6, 4, 1
2014/8/24, , , 11, 3, 1
2014/9/1, , , 6, 3, 2
2014/9/16, , , 9, 3, 6
2014/9/21, , , 5, 3, 4
2014/3/31, , , 6, 7, 4
2014/4/6, , , 2, 5, 2
2014/4/8, , , 6, 9, 2
2014/4/10, , , 8, 8, 2
2014/4/14, , , 11, 25, 1
2014/5/7, , , 18, 18, 8
2014/5/28, , , 9, 9, 8
2014/6/9, , , 1, 2, 4
2014/6/15, , , 6, 3, 9
2014/6/22, , , 3, 3, 7
2013/12/31, , , 9, 4, 6
2014/1/8, , , 23, 4, 14
2014/1/27, , , 7, 6, 4
2014/1/31, , , 21, 6, 7
2014/2/9, , , 9, 2, 4
2014/2/16, , , 9, 4, 4
2014/2/23, , , 8, 2, 4
2014/3/2, , , 13, 4, 6
2014/3/6, , , 14, 7, 7
2014/3/9, , , 13, 8, 5
2014/3/19, , , 5, 7, 4
2014/3/23, , , 5, 6, 5
2020/3/26, , , , 2, 5
2019/12/31, , , , 44, 23
2019/10/4, , , , 7, 14
2019/8/11, , , , 9, 8
2019/4/14, , , , 4, 12
2019/1/16, , , , 7, 11
2019/1/24, , , , 2, 5
2019/3/12, , , , 6, 15
2016/7/24, , , , 2, 2
2016/7/26, , , , 5, 2
2016/8/1, , , , 3, 8
2016/9/14, , , , 4, 
2016/4/10, , , , 4, 2
2016/4/24, , , , 11, 4
2016/6/26, , , , 6, 2
2016/2/12, , , , 1, 
2016/2/19, , , , 3, 
2016/2/20, , , , 3, 
2015/12/6, , , , 2, 14
2014/10/13, , , , 5, 2
2014/10/21, , , , 26, 15
2014/4/20, , , , 1, 4
2014/6/2, , , , 1, 3
2016/1/17, , , , , 
2016/1/18, , , , , 
2016/2/4, , , , , 4
2016/2/11, , , , , 
2016/2/16, , , , , 