date, pm25, pm10, o3, no2, so2, co
2018/10/1, 154, , 47, 35, 2, 
2018/10/2, 167, , 36, 30, 2, 
2018/10/3, 150, , 32, 31, 2, 
2018/10/4, 177, , 50, 46, 3, 
2018/10/5, 195, , 33, 44, 3, 
2018/10/6, 173, , 55, 38, 1, 
2018/10/7, 176, , 44, 34, 3, 
2018/10/8, 211, , 28, 20, 2, 
2018/10/9, 205, , 25, 14, 2, 
2018/10/10, 176, , 22, 14, 3, 
2018/10/11, 166, , 32, 23, 5, 
2018/10/12, 165, , 32, 38, 5, 
2018/10/13, 187, , 35, 28, 3, 
2018/10/14, 210, , 42, 38, 4, 
2018/10/15, 287, , 34, 36, 5, 
2018/10/16, 202, , 38, 36, 4, 
2018/10/17, 205, , 28, 43, 3, 
2018/10/18, 212, , 55, 40, 4, 
2018/10/19, 197, , 44, 40, 6, 
2018/10/20, 260, , 36, 51, 6, 
2018/10/21, 247, , 36, 40, 4, 
2018/10/22, 232, , 37, 49, 6, 
2018/10/23, 246, , 44, 51, 8, 
2018/10/24, 287, , 35, 48, 8, 
2018/10/25, 244, , 44, 53, 7, 
2018/10/26, 290, , 13, 74, 4, 
2018/10/27, 471, , 47, 42, 3, 
2018/10/28, 229, , 41, 49, 3, 
2018/10/29, 272, , 53, 54, 7, 
2018/10/30, 333, , 43, 46, 4, 
2018/10/31, 304, , 64, 64, 3, 
2018/11/1, 314, , 41, 32, 4, 
2018/11/2, 303, , 32, 21, 1, 
2018/11/3, 236, , 34, 19, 1, 
2018/11/4, 173, , 31, 24, 1, 
2018/11/5, 426, , 33, 19, 2, 
2018/11/6, 241, , 67, 23, 7, 
2018/11/7, 244, , 28, 41, 12, 
2018/11/8, 625, , 18, 42, 5, 
2018/11/9, 440, , 31, 55, 4, 
2018/11/10, 386, , 39, 58, 4, 
2018/11/11, 480, , 22, 63, 3, 
2018/11/12, 450, , 30, 45, 3, 
2018/11/13, 331, , 22, 28, 2, 
2018/11/14, 216, , 23, 24, 1, 
2018/11/15, 184, , 37, 21, 1, 
2018/11/16, 216, , 36, 25, 2, 
2018/11/17, 205, , 36, 28, 2, 
2018/11/18, 213, , 31, 17, 1, 
2018/11/19, 266, , 35, 19, 2, 
2018/11/20, 282, , 36, 21, 3, 
2018/11/21, 184, , 46, 39, 7, 
2018/11/22, 201, , 26, 38, 4, 14
2018/11/23, 241, , 27, 15, 2, 10
2018/11/24, 155, , 39, 18, 3, 12
2018/11/25, 173, , 36, 26, 5, 25
2018/11/26, 237, , 19, 36, 5, 31
2018/11/27, 313, , 24, 36, 3, 21
2018/11/28, 226, , 31, 18, 2, 16
2018/11/29, 207, , 33, 21, 3, 15
2018/11/30, 215, , 26, , 3, 13
2018/12/1, 201, , , , , 
2018/7/1, 104, , 34, 11, 1, 
2018/7/2, 146, , 19, 11, 2, 
2018/7/3, 136, , 25, 35, , 
2018/7/4, 203, , 35, 18, 1, 
2018/7/5, 188, , 38, 16, 1, 
2018/7/6, 149, , 37, 16, 1, 
2018/7/7, 202, , 60, 14, 1, 
2018/7/8, 166, , 35, 11, 1, 
2018/7/9, 199, , 28, 9, 1, 
2018/7/10, 171, , 10, 9, 1, 
2018/7/11, 124, , 18, 8, 1, 
2018/7/12, 234, , 7, 7, 1, 
2018/7/13, 128, , 6, 6, 1, 
2018/7/14, 142, , 7, 5, 1, 
2018/7/15, 123, , 13, 7, 1, 
2018/7/16, 112, , 22, 7, , 
2018/7/17, 99, , 23, 7, 1, 
2018/7/18, 102, , 16, 6, 1, 
2018/7/19, 110, , 34, 10, , 
2018/7/20, 128, , 29, 9, 1, 
2018/7/21, 122, , 28, 7, 1, 
2018/7/22, 122, , 51, 8, 1, 
2018/7/23, 98, , 20, 8, 1, 
2018/7/24, 108, , 3, 7, 1, 
2018/7/25, 109, , 6, 8, 2, 
2018/7/26, 434, , 3, 14, 2, 
2018/7/27, 176, , 3, 12, 1, 
2018/7/28, 195, , 5, 9, 1, 
2018/7/29, 141, , 5, 9, 5, 
2018/7/30, 149, , 9, 9, 1, 
2018/7/31, 161, , 5, 10, 1, 
2018/8/1, 156, , 17, 10, 1, 
2018/8/2, 187, , 4, 11, 5, 
2018/8/3, 187, , 11, 10, 2, 
2018/8/4, 184, , 4, 9, 1, 
2018/8/5, 178, , 4, 11, 1, 
2018/8/6, 162, , 5, 10, 1, 
2018/8/7, 156, , 16, 10, 1, 
2018/8/8, 120, , , , , 
2018/8/11, 101, , 3, 12, 1, 
2018/8/12, 83, , 10, 15, 1, 
2018/8/13, 115, , 25, 13, 1, 
2018/8/14, 144, , , , , 
2018/8/16, 101, , 3, 89, 4, 
2018/8/17, 244, , 4, 19, 1, 
2018/8/18, 112, , 4, 15, 1, 
2018/8/19, 135, , 10, 15, 1, 
2018/8/20, 151, , 4, 12, 1, 
2018/8/21, 109, , 5, 10, 10, 
2018/8/22, 109, , 3, 12, 1, 
2018/8/23, 284, , 3, 11, 2, 
2018/8/24, 142, , 9, 10, 1, 
2018/8/25, 124, , 4, 10, 1, 
2018/8/26, 108, , 5, 13, 1, 
2018/8/27, 176, , 5, 11, 1, 
2018/8/28, 98, , 5, 9, 1, 
2018/8/29, 119, , 21, 12, 1, 
2018/8/30, 113, , 5, 11, 1, 
2018/8/31, 152, , 6, 15, 1, 
2018/9/1, 138, , 5, 14, 1, 
2018/9/2, 119, , 6, 14, 1, 
2018/9/3, 105, , 5, 22, 1, 
2018/9/4, 227, , 6, 17, 1, 
2018/9/5, 127, , 21, 15, 1, 
2018/9/6, 293, , 9, 20, 2, 
2018/9/7, 403, , 15, 14, 1, 
2018/9/8, 112, , 4, 10, 1, 
2018/9/9, 85, , 22, 12, , 
2018/9/10, 122, , 7, 11, , 
2018/9/11, 117, , 4, 36, 1, 
2018/9/12, 586, , 6, 10, 1, 
2018/9/13, 138, , 7, 13, 1, 
2018/9/14, 135, , 7, 18, 1, 
2018/9/15, 137, , 9, 19, 1, 
2018/9/16, 141, , 18, 18, 2, 
2018/9/17, 161, , 17, 19, 2, 
2018/9/18, 161, , 20, 22, 1, 
2018/9/19, 164, , 28, 29, 2, 
2018/9/20, 173, , 11, 15, 1, 
2018/9/21, 126, , 7, 13, 2, 
2018/9/22, 122, , 9, 11, 1, 
2018/9/23, 99, , 5, 17, 2, 
2018/9/24, 81, , 9, 16, 2, 
2018/9/25, 100, , 19, 22, 1, 
2018/9/26, 144, , 30, 53, 2, 
2018/9/27, 158, , 2, 52, 4, 
2018/9/28, 396, , , , , 
2018/9/30, 135, , 34, 30, 1, 
2018/4/1, 156, , 49, 21, 5, 
2018/4/2, 168, , 48, 21, 6, 
2018/4/3, 180, , 58, 21, 8, 
2018/4/4, 186, , 65, 26, 10, 
2018/4/5, 216, , 43, 23, 10, 
2018/4/6, 238, , 39, 57, 7, 
2018/4/7, 111, , , 21, 6, 
2018/4/8, 132, , 45, 21, 4, 
2018/4/9, 122, , 42, 20, 11, 
2018/4/10, 185, , 29, 19, 3, 
2018/4/11, 184, , 41, 21, 12, 
2018/4/12, 106, , 39, 25, 8, 
2018/4/13, 131, , 52, 28, 9, 
2018/4/14, 139, , 48, 28, 8, 
2018/4/15, 153, , 37, 29, 17, 
2018/4/16, 180, , 34, 26, 9, 
2018/4/17, 146, , 33, 31, 6, 
2018/4/18, 132, , 34, 35, 8, 
2018/4/19, 160, , 31, 35, 12, 
2018/4/20, 164, , 36, 34, 7, 
2018/4/21, 203, , 38, 39, 11, 
2018/4/22, 130, , 42, 40, 7, 
2018/4/23, 154, , 57, 45, 11, 
2018/4/24, 279, , 37, 52, 10, 
2018/4/25, 152, , 81, 48, 17, 
2018/4/26, 199, , 24, 43, 8, 31
2018/4/27, 179, , 30, 35, 6, 31
2018/4/28, 160, , 47, 33, 9, 31
2018/4/29, 163, , 55, 32, 8, 
2018/4/30, 168, , 33, 29, 4, 
2018/5/1, 140, , 34, 28, 5, 
2018/5/2, 209, , 25, 25, 5, 
2018/5/3, 110, , 51, 25, 7, 
2018/5/4, 109, , 59, 31, 7, 
2018/5/5, 149, , 35, 34, 7, 
2018/5/6, 157, , 42, 34, 9, 
2018/5/7, 163, , 38, 33, 6, 
2018/5/8, 165, , 54, 30, 11, 
2018/5/9, 135, , 62, 32, 6, 
2018/5/10, 179, , 55, 35, 11, 
2018/5/11, 198, , 53, 28, 14, 
2018/5/12, 216, , 67, 16, 1, 
2018/5/13, 177, , 32, 36, 4, 
2018/5/14, 316, , 30, 41, 2, 
2018/5/15, 227, , 37, 28, 5, 
2018/5/16, 161, , 64, 34, 17, 
2018/5/17, 213, , 41, 31, 9, 
2018/5/18, 177, , 50, 32, 9, 
2018/5/19, 180, , 49, 44, 13, 
2018/5/20, 200, , 59, 48, 14, 
2018/5/21, 222, , 53, 83, 16, 
2018/5/22, 214, , 53, 43, 13, 
2018/5/23, 183, , 54, 31, 14, 
2018/5/24, 188, , 44, 26, 12, 
2018/5/25, 291, , 63, 50, 16, 
2018/5/26, 320, , 33, 59, 20, 
2018/5/29, 146, , 27, 24, 3, 
2018/5/30, 147, , 25, 19, 3, 
2018/5/31, 156, , 12, 116, 11, 
2018/6/1, 150, , 30, 65, 2, 
2018/6/2, 182, , 18, 25, , 
2018/6/3, 142, , 43, 19, 1, 
2018/6/4, 153, , 45, 14, 1, 
2018/6/5, 141, , 18, 14, 1, 
2018/6/6, 149, , 36, 13, 2, 
2018/6/7, 160, , 24, 11, 2, 
2018/6/8, 199, , 36, 10, 1, 
2018/6/9, 225, , 51, 11, 2, 
2018/6/10, 154, , 34, 13, 1, 
2018/6/11, 148, , 39, 14, 3, 
2018/6/12, 169, , 10, 15, 1, 
2018/6/13, 297, , 19, 12, 1, 
2018/6/14, 203, , 21, 11, 1, 
2018/6/15, 197, , 16, 9, 1, 
2018/6/16, 171, , 22, 10, 1, 
2018/6/17, 165, , 35, 12, 3, 
2018/6/18, 140, , 46, 14, 3, 
2018/6/19, 177, , 42, 16, 3, 
2018/6/20, 149, , 53, 15, 4, 
2018/6/21, 160, , 55, 23, 12, 
2018/6/22, 204, , 42, 96, 5, 
2018/6/23, 207, , 36, 25, 3, 
2018/6/24, 181, , , , , 
2018/6/26, 141, , 41, 17, 1, 
2018/6/27, 245, , 14, 13, 1, 
2018/6/28, 254, , 28, 12, 2, 
2018/6/29, 108, , 36, 11, 1, 
2018/6/30, 119, , 19, 11, 1, 
2018/1/1, 408, , 21, 40, 3, 24
2018/1/2, 298, , 2, 36, 4, 19
2018/1/3, 233, , 1, 31, 3, 17
2018/1/4, 260, , 1, 29, 3, 15
2018/1/5, 255, , 4, 36, 7, 35
2018/1/6, 290, , 1, 32, 2, 14
2018/1/7, 200, , 6, 32, 3, 12
2018/1/8, 204, , 2, 37, 8, 25
2018/1/9, 256, , 32, 34, 3, 16
2018/1/10, 214, , 33, 30, 3, 9
2018/1/11, 191, , 28, 32, 6, 26
2018/1/12, 209, , 42, 32, 9, 21
2018/1/13, 271, , 29, 34, 8, 18
2018/1/14, 235, , 34, 38, 7, 13
2018/1/15, 214, , 48, 38, 5, 30
2018/1/16, 191, , 19, 34, 2, 18
2018/1/17, 316, , 23, 36, 12, 34
2018/1/18, 355, , 33, 44, 14, 23
2018/1/19, 295, , 34, 38, 5, 27
2018/1/20, 227, , 41, 37, 6, 16
2018/1/21, 224, , 33, 37, 8, 23
2018/1/22, 288, , 16, 34, 3, 14
2018/1/23, 230, , 22, 33, 2, 28
2018/1/24, 209, , 20, 28, 2, 10
2018/1/25, 190, , 24, 33, 2, 16
2018/1/26, 228, , 14, 41, 3, 
2018/1/27, 315, , 23, 32, 5, 
2018/1/28, 235, , 38, 29, 6, 14
2018/1/29, 248, , 31, 29, 4, 7
2018/1/30, 179, , 28, 28, 6, 8
2018/1/31, 199, , 27, 31, 7, 12
2018/2/1, 180, , 31, 29, 7, 31
2018/2/2, 207, , 61, 28, 9, 
2018/2/3, 177, , 36, 28, 5, 
2018/2/4, 189, , 47, 32, 8, 
2018/2/5, 207, , 24, 35, 6, 
2018/2/6, 209, , 36, 31, 5, 
2018/2/7, 189, , 45, 38, 10, 
2018/2/8, 234, , 35, 42, 19, 
2018/2/9, 251, , 39, 46, 15, 
2018/2/10, 274, , 19, 32, 18, 
2018/2/11, 252, , 15, 21, 2, 
2018/2/12, 161, , 24, 30, 7, 
2018/2/13, 285, , 24, 24, 2, 
2018/2/14, 156, , 27, 25, 5, 
2018/2/15, 170, , 38, 28, 5, 
2018/2/16, 179, , 30, 29, 5, 
2018/2/17, 175, , 65, 28, 5, 
2018/2/18, 176, , 56, 32, 9, 
2018/2/19, 201, , 38, 33, 11, 
2018/2/20, 247, , 36, 34, 17, 
2018/2/21, 276, , 30, 39, 8, 
2018/2/22, 228, , 34, 32, 12, 
2018/2/23, 271, , 25, 25, 7, 
2018/2/24, 240, , 28, 22, 7, 
2018/2/25, 184, , 25, 20, 10, 
2018/2/26, 143, , 28, 34, 4, 
2018/2/27, 141, , 67, 29, 9, 
2018/2/28, 196, , 85, 30, 12, 
2018/3/1, 218, , 32, 21, 7, 
2018/3/2, 202, , 39, 20, 7, 
2018/3/3, 169, , 23, 16, 6, 
2018/3/4, 153, , 39, 20, 5, 
2018/3/5, 144, , 28, 24, 3, 
2018/3/6, 133, , 45, 29, 4, 
2018/3/7, 145, , 51, 28, 8, 
2018/3/8, 179, , 37, 25, 13, 
2018/3/9, 179, , 50, 23, 7, 
2018/3/10, 132, , 33, 20, 7, 
2018/3/11, 149, , 33, 25, 16, 
2018/3/12, 157, , 30, 25, 11, 
2018/3/13, 179, , 44, 22, 12, 
2018/3/14, 203, , 35, 22, 8, 
2018/3/15, 167, , 38, 23, 8, 
2018/3/16, 163, , 35, 25, 7, 
2018/3/17, 134, , 36, 25, 7, 
2018/3/18, 140, , 35, 26, 6, 
2018/3/19, 190, , 33, 28, 10, 
2018/3/20, 164, , 33, 24, 11, 
2018/3/21, 175, , 37, 24, 7, 
2018/3/22, 160, , 36, 24, 5, 
2018/3/23, 130, , 42, 28, 12, 
2018/3/24, 146, , 40, 23, 4, 
2018/3/25, 144, , 44, 26, 7, 
2018/3/26, 156, , 39, 25, 8, 
2018/3/27, 157, , 50, 25, 11, 
2018/3/28, 187, , 47, 27, 7, 
2018/3/29, 149, , 40, 27, 7, 
2018/3/30, 146, , 39, 26, 5, 
2018/3/31, 155, , , 19, 3, 
2017/10/3, 173, , 50, 17, 7, 14
2017/10/4, 174, , 28, 19, 15, 14
2017/10/5, 175, , 42, 18, 21, 11
2017/10/6, 215, , 52, 25, 8, 11
2017/10/7, 167, , , , , 
2017/10/9, 167, , 46, 18, 30, 41
2017/10/10, 170, , 21, 13, 11, 34
2017/10/11, 178, , 54, 17, 15, 32
2017/10/12, 192, , 47, 20, 10, 14
2017/10/13, 187, , 53, 20, 13, 17
2017/10/14, 189, , , , , 
2017/10/16, 215, , 62, 28, 16, 14
2017/10/17, 187, , 56, 26, 19, 16
2017/10/18, 213, , 69, 26, 18, 30
2017/10/19, 331, , 52, 20, 16, 16
2017/10/20, 329, , 13, 19, 15, 24
2017/10/21, 414, , 37, 18, 13, 35
2017/10/22, 245, , 42, 17, 19, 39
2017/10/23, 274, , 40, 20, 19, 18
2017/10/24, 260, , 40, 32, 17, 34
2017/10/25, 295, , 49, 26, 18, 23
2017/10/26, 352, , 28, 22, 6, 19
2017/10/27, 248, , 55, 20, 13, 14
2017/10/28, 303, , 52, 11, 8, 15
2017/10/29, 323, , 61, 34, 13, 22
2017/10/30, 312, , 21, 24, 21, 28
2017/10/31, 347, , 45, 17, 21, 37
2017/11/1, 259, , 27, 17, 7, 20
2017/11/2, 263, , 27, 13, 25, 40
2017/11/3, 248, , 32, 12, 14, 20
2017/11/4, 224, , 29, 12, 13, 24
2017/11/5, 221, , 28, 14, 14, 33
2017/11/6, 208, , 42, 23, 10, 45
2017/11/7, 415, , 50, 41, 15, 34
2017/11/8, 605, , 43, 31, 19, 45
2017/11/9, 436, , 37, 27, 20, 59
2017/11/10, 331, , 72, 26, 16, 43
2017/11/11, 300, , 83, 38, 12, 52
2017/11/12, 405, , 50, 27, 9, 39
2017/11/13, 306, , 34, 37, 5, 61
2017/11/14, 253, , 33, 25, 7, 34
2017/11/15, 210, , 24, 22, 19, 28
2017/11/16, 222, , 24, 21, 17, 26
2017/11/17, 230, , 15, 29, 10, 16
2017/11/18, 229, , 41, 23, 6, 11
2017/11/19, 261, , 50, 27, 9, 10
2017/11/20, 195, , 32, 27, 7, 23
2017/11/21, 191, , , , , 
2017/11/23, 225, , 40, 34, 8, 12
2017/11/24, 191, , 25, 42, 12, 16
2017/11/25, 249, , 44, 44, 15, 20
2017/11/26, 221, , 51, 41, 11, 15
2017/11/27, 206, , 44, 32, 15, 28
2017/11/28, 272, , 40, 31, 15, 33
2017/11/29, 410, , 20, 40, 18, 27
2017/11/30, 244, , 26, 34, 16, 26
2017/12/1, 209, , 25, 45, 19, 29
2017/12/2, 239, , 30, 48, 20, 30
2017/12/3, 263, , 42, 56, 18, 50
2017/12/4, 321, , 19, 52, 15, 22
2017/12/5, 267, , 45, 32, 9, 11
2017/12/6, 187, , 27, 28, 13, 8
2017/12/7, 170, , 51, 40, 9, 12
2017/12/8, 183, , 45, 45, 12, 16
2017/12/9, 206, , 33, 44, 12, 20
2017/12/10, 255, , 39, 36, 12, 21
2017/12/11, 243, , 37, 28, 3, 11
2017/12/12, 280, , 22, 27, 12, 26
2017/12/13, 170, , 34, 23, 6, 12
2017/12/14, 165, , 13, 14, 4, 10
2017/12/15, 170, , 5, , 1, 10
2017/12/16, 162, , , , , 
2017/12/19, 184, , 32, 46, 10, 21
2017/12/20, 237, , 21, 42, 9, 22
2017/12/21, 228, , 37, 38, 5, 24
2017/12/22, 209, , 43, 34, 5, 19
2017/12/23, 160, , 28, 37, 11, 21
2017/12/24, 199, , 40, 40, 9, 21
2017/12/25, 206, , 44, 38, 6, 14
2017/12/26, 190, , 36, 39, 6, 18
2017/12/27, 195, , 19, 47, 14, 26
2017/12/28, 246, , 32, 48, 9, 24
2017/12/29, 215, , 3, 52, 5, 35
2017/12/30, 259, , 1, 46, 7, 46
2017/12/31, 257, , 3, 53, 3, 20
2017/7/1, 109, , 10, 11, 8, 9
2017/7/2, 118, , 32, 31, 1, 6
2017/7/3, 292, , 21, 10, 1, 32
2017/7/4, 122, , 17, 7, 1, 14
2017/7/5, 122, , 22, 6, , 22
2017/7/6, 155, , 26, 7, 1, 16
2017/7/7, 114, , 34, 10, 1, 13
2017/7/8, 131, , 17, 7, 1, 7
2017/7/9, 136, , 15, 7, 1, 9
2017/7/10, 155, , 30, 4, 4, 17
2017/7/11, 105, , 28, 3, 2, 11
2017/7/12, 85, , 16, 5, 2, 12
2017/7/13, 82, , 36, 6, 2, 9
2017/7/14, 96, , 13, 7, 2, 18
2017/7/15, 118, , 14, 6, 2, 7
2017/7/16, 110, , 24, 8, 2, 7
2017/7/17, 104, , 12, 4, 3, 8
2017/7/18, 109, , 17, 4, 5, 37
2017/7/19, 133, , 40, 5, 4, 21
2017/7/20, 190, , 32, 6, 1, 5
2017/7/21, 126, , 11, 7, 1, 6
2017/7/22, 83, , 9, 5, , 4
2017/7/23, 82, , 40, 5, 12, 19
2017/7/24, 69, , 23, 4, 14, 27
2017/7/25, 74, , 24, 3, 1, 6
2017/7/26, 79, , 10, 4, 1, 7
2017/7/27, 126, , 8, 2, 2, 7
2017/7/28, 94, , 9, 4, 2, 6
2017/7/29, 77, , 9, 2, 1, 7
2017/7/30, 72, , 6, 2, 2, 6
2017/7/31, 91, , 4, 2, 2, 7
2017/8/1, 83, , 6, 10, 1, 8
2017/8/2, 133, , 8, 9, 2, 5
2017/8/3, 128, , 12, 9, 2, 6
2017/8/4, 151, , 16, 9, 2, 8
2017/8/5, 162, , 16, 5, 2, 9
2017/8/6, 162, , 43, 4, 2, 9
2017/8/7, 135, , 45, 4, 1, 11
2017/8/8, 94, , 18, 6, 1, 8
2017/8/9, 110, , 20, 5, 2, 6
2017/8/10, 252, , 79, 7, 2, 4
2017/8/11, 122, , , , , 
2017/8/14, 138, , 7, 4, 2, 8
2017/8/15, 145, , 19, 6, 2, 7
2017/8/16, 138, , 21, 8, 2, 4
2017/8/17, 190, , , , , 
2017/8/19, 61, , 5, 4, 2, 5
2017/8/21, 95, , 11, 5, 2, 6
2017/8/22, 129, , 10, 1, 2, 3
2017/8/23, 241, , 16, 7, 3, 34
2017/8/24, 123, , 14, 5, 1, 7
2017/8/25, 129, , 31, 6, 2, 6
2017/8/26, 107, , 17, 5, 3, 5
2017/8/27, 97, , 30, 4, 1, 4
2017/8/28, 77, , 11, 3, 1, 11
2017/8/29, 76, , 14, 6, 1, 6
2017/8/30, 92, , 11, 3, 2, 4
2017/8/31, 141, , 23, 3, 2, 1
2017/9/1, 75, , 30, 7, 2, 31
2017/9/2, 117, , 16, 5, 2, 9
2017/9/3, 106, , 12, 7, 1, 10
2017/9/4, 129, , 9, 5, 1, 9
2017/9/5, 100, , , , , 
2017/9/11, 148, , , , , 
2017/9/14, 171, , , , , 
2017/9/16, 162, , 29, 13, 1, 9
2017/9/17, 143, , 22, 13, 2, 21
2017/9/18, 148, , 48, 14, 9, 10
2017/9/19, 159, , 56, 14, 12, 12
2017/9/20, 161, , 11, 9, 9, 9
2017/9/21, 123, , 7, 7, 2, 7
2017/9/22, 71, , 5, 8, 2, 4
2017/9/23, 85, , , , , 
2017/9/25, 177, , 40, 13, 2, 12
2017/9/26, 170, , 27, 9, 4, 33
2017/9/27, 175, , 36, 15, 4, 8
2017/9/28, 157, , 33, 16, 4, 13
2017/9/29, 176, , 31, 13, 5, 18
2017/9/30, 177, , , , , 
2017/4/1, 118, , 1, 21, 2, 5
2017/4/2, 148, , 20, 18, 5, 6
2017/4/3, 154, , 7, 17, 4, 11
2017/4/4, 201, , 27, 14, 3, 24
2017/4/5, 124, , 24, 11, 3, 2
2017/4/6, 183, , 48, 11, 6, 18
2017/4/7, 186, , 38, 17, 14, 34
2017/4/8, 176, , 35, 16, 7, 29
2017/4/9, 124, , 39, 17, 5, 24
2017/4/10, 135, , 77, 23, 7, 22
2017/4/11, 311, , 44, 20, 7, 13
2017/4/12, 157, , 32, 30, 9, 27
2017/4/13, 223, , 66, 32, 20, 29
2017/4/14, 291, , 54, 27, 20, 46
2017/4/15, 256, , 99, 31, 14, 18
2017/4/16, 211, , 70, 21, 9, 16
2017/4/17, 219, , 58, 20, 9, 30
2017/4/18, 193, , 30, 22, 16, 16
2017/4/19, 151, , 34, 26, 17, 16
2017/4/20, 234, , 43, 15, 10, 12
2017/4/21, 205, , 36, 17, 14, 29
2017/4/22, 182, , 36, 18, 10, 10
2017/4/23, 155, , 30, 19, 13, 17
2017/4/24, 168, , 39, 19, 11, 16
2017/4/25, 148, , 34, 18, 8, 12
2017/4/26, 119, , 37, 19, 12, 25
2017/4/27, 141, , 36, 19, 7, 10
2017/4/28, 127, , 6, 53, 26, 51
2017/4/29, 999, , 88, 17, 10, 19
2017/4/30, 175, , 59, 26, 18, 11
2017/5/1, 236, , 60, 32, 28, 30
2017/5/2, 499, , 34, 25, 17, 22
2017/5/3, 317, , 46, 20, 12, 23
2017/5/4, 160, , 63, 32, 22, 9
2017/5/5, 329, , 67, 41, 15, 29
2017/5/6, 435, , 55, 42, 17, 29
2017/5/7, 368, , 95, 33, 18, 30
2017/5/8, 352, , 55, 16, 9, 14
2017/5/9, 156, , 68, 11, 5, 28
2017/5/10, 150, , 57, 32, 19, 34
2017/5/11, 229, , 70, 25, 25, 33
2017/5/12, 229, , 50, 28, 17, 21
2017/5/13, 476, , 44, 30, 12, 20
2017/5/14, 492, , 31, 28, 8, 17
2017/5/15, 374, , 67, 21, 18, 18
2017/5/16, 264, , 46, 16, 15, 14
2017/5/17, 165, , 41, 16, 16, 30
2017/5/18, 335, , 48, 10, 12, 7
2017/5/19, 181, , 40, 12, 16, 6
2017/5/20, 238, , 78, 9, 14, 14
2017/5/21, 251, , 54, 10, 7, 10
2017/5/22, 182, , 52, 13, 9, 12
2017/5/23, 182, , 43, 14, 18, 23
2017/5/24, 178, , 19, 20, 17, 9
2017/5/25, 189, , 58, 16, 11, 30
2017/5/26, 177, , 35, 16, 4, 8
2017/5/28, 102, , 28, 13, 3, 13
2017/5/29, 111, , 35, 16, 4, 5
2017/5/30, 151, , 20, 20, 16, 21
2017/5/31, 312, , 54, 15, 15, 31
2017/6/1, 160, , 57, 16, 5, 9
2017/6/2, 155, , 49, 22, 21, 39
2017/6/3, 136, , 32, 13, 6, 12
2017/6/4, 150, , 8, 15, 3, 12
2017/6/5, 103, , 38, 10, 3, 5
2017/6/6, 113, , 24, 9, 2, 6
2017/6/7, 83, , 56, 9, 4, 7
2017/6/8, 231, , 57, 9, 19, 12
2017/6/9, 159, , 49, 11, 14, 8
2017/6/10, 140, , 55, 9, 8, 6
2017/6/11, 115, , 54, 14, 7, 10
2017/6/12, 133, , 77, 13, 8, 9
2017/6/13, 123, , 42, 10, 12, 5
2017/6/14, 120, , 57, 11, 6, 7
2017/6/15, 123, , 36, 11, 7, 15
2017/6/16, 153, , 41, 6, 5, 21
2017/6/17, 118, , 20, , 1, 3
2017/6/18, 123, , 33, 10, 3, 13
2017/6/19, 127, , 35, 9, 3, 5
2017/6/20, 90, , 33, 8, 11, 12
2017/6/21, 135, , 39, 9, 3, 12
2017/6/22, 143, , 54, 9, 9, 25
2017/6/23, 140, , 57, 6, 8, 11
2017/6/24, 155, , 37, 3, 1, 7
2017/6/25, 160, , 33, 5, 2, 14
2017/6/26, 108, , 19, 3, 1, 31
2017/6/27, 120, , , , , 
2017/6/29, 207, , 13, 6, 1, 13
2017/6/30, 82, , 34, 8, 3, 12
2017/1/2, 315, , 39, 18, 7, 37
2017/1/3, 264, , 32, 15, 7, 39
2017/1/4, 288, , 29, 17, 6, 39
2017/1/5, 281, , 23, 13, 3, 44
2017/1/6, 236, , 7, 10, 2, 
2017/1/7, 258, , 26, 10, 3, 
2017/1/8, 291, , 26, 20, 5, 10
2017/1/9, 205, , 48, 15, 9, 23
2017/1/10, 193, , 29, 21, 4, 11
2017/1/11, 210, , 31, 25, 9, 14
2017/1/12, 347, , 100, 26, 7, 15
2017/1/13, 327, , 29, 32, 12, 17
2017/1/14, 473, , 32, 27, 7, 37
2017/1/15, 297, , 24, 23, 7, 18
2017/1/16, 229, , 19, 18, 4, 10
2017/1/17, 194, , 19, 28, 13, 23
2017/1/18, 256, , 26, 23, 4, 30
2017/1/19, 205, , 25, 22, 3, 15
2017/1/20, 276, , 18, 28, 5, 30
2017/1/21, 239, , 25, 30, 11, 25
2017/1/22, 269, , 29, 29, 6, 23
2017/1/23, 222, , 34, 35, 12, 28
2017/1/24, 310, , 30, 21, 5, 56
2017/1/25, 324, , 16, 15, 2, 49
2017/1/26, 340, , 13, 10, 1, 47
2017/1/30, 233, , 30, 22, 6, 27
2017/1/31, 225, , 32, 18, 5, 32
2017/2/1, 178, , 36, 25, 9, 38
2017/2/2, 209, , 31, 25, 9, 21
2017/2/3, 218, , 33, 18, 2, 8
2017/2/4, 195, , 85, 16, 2, 20
2017/2/5, 187, , 58, 17, 3, 19
2017/2/6, 215, , 31, 18, 2, 13
2017/2/7, 168, , 35, 24, 3, 11
2017/2/8, 196, , 38, 22, 7, 31
2017/2/9, 188, , 32, 22, 3, 46
2017/2/10, 173, , 40, 32, 8, 26
2017/2/11, 224, , 44, 30, 17, 37
2017/2/12, 208, , 37, 31, 6, 13
2017/2/13, 243, , 40, 27, 5, 10
2017/2/14, 188, , 51, 26, 4, 23
2017/2/15, 188, , 27, 24, 5, 19
2017/2/16, 195, , 29, 19, 3, 15
2017/2/17, 171, , 15, 26, 4, 12
2017/2/18, 171, , 41, 31, 6, 33
2017/2/19, 206, , 30, 25, 8, 38
2017/2/20, 274, , 21, 16, 4, 37
2017/2/21, 174, , 15, 18, 5, 12
2017/2/22, 197, , 20, 18, 3, 14
2017/2/23, 150, , 25, 18, 2, 23
2017/2/24, 147, , 32, 19, 3, 29
2017/2/25, 145, , 15, 20, 3, 9
2017/2/26, 157, , 23, 21, 3, 29
2017/2/27, 162, , 14, 28, 5, 26
2017/2/28, 241, , 43, 27, 6, 30
2017/3/1, 257, , 23, 26, 8, 9
2017/3/2, 185, , 4, 22, 5, 11
2017/3/3, 148, , 3, 21, 3, 7
2017/3/4, 153, , 22, 22, 3, 8
2017/3/5, 152, , 35, 23, 3, 13
2017/3/6, 156, , 52, 26, 5, 35
2017/3/7, 173, , 71, 19, 6, 28
2017/3/8, 167, , 60, 15, 4, 33
2017/3/9, 157, , 4, 14, 1, 12
2017/3/10, 157, , 19, 13, 3, 15
2017/3/11, 158, , 8, 14, 3, 9
2017/3/12, 140, , 3, 14, 6, 30
2017/3/13, 145, , 5, 19, 4, 15
2017/3/14, 157, , 15, 21, 4, 25
2017/3/15, 223, , 21, 19, 5, 30
2017/3/16, 175, , 5, 16, 3, 9
2017/3/17, 170, , 4, 19, 3, 15
2017/3/18, 164, , 3, 19, 3, 8
2017/3/19, 167, , 12, 21, 2, 25
2017/3/20, 175, , 8, 22, 3, 27
2017/3/21, 166, , 9, 19, 2, 5
2017/3/22, 157, , 8, 24, 3, 40
2017/3/23, 219, , 7, 18, 2, 16
2017/3/24, 176, , 6, 17, 2, 33
2017/3/25, 147, , 63, 19, 1, 37
2017/3/26, 147, , 4, 18, 1, 31
2017/3/27, 160, , 1, 19, 1, 22
2017/3/28, 196, , 5, 15, 1, 18
2017/3/29, 155, , 6, 13, 1, 13
2017/3/30, 145, , 6, 16, 2, 5
2017/3/31, 154, , 11, 21, 3, 11
2016/10/1, 153, , 58, 14, 2, 12
2016/10/2, 135, , 18, 17, 2, 12
2016/10/3, 164, , 9, 13, 3, 33
2016/10/4, 184, , , , , 
2016/10/9, 200, , 31, 7, 3, 42
2016/10/10, 347, , 15, 2, 2, 32
2016/10/11, 190, , 14, 2, 3, 32
2016/10/12, 183, , 10, 11, 3, 20
2016/10/13, 203, , 10, 7, 3, 10
2016/10/14, 180, , 20, 8, 3, 10
2016/10/15, 202, , 8, 7, 3, 11
2016/10/16, 194, , 10, 8, 4, 12
2016/10/17, 206, , 10, 10, 3, 34
2016/10/18, 197, , 8, 13, 12, 39
2016/10/19, 211, , 18, 18, 5, 14
2016/10/20, 210, , 28, 20, 6, 32
2016/10/21, 200, , 22, 17, 5, 13
2016/10/22, 189, , 2, 22, 5, 12
2016/10/23, 227, , 7, 20, 5, 25
2016/10/24, 386, , 26, 18, 6, 39
2016/10/25, 182, , 35, 21, 13, 19
2016/10/26, 224, , 59, 26, 11, 41
2016/10/27, 368, , 48, 27, 10, 49
2016/10/28, 336, , 45, 29, 21, 20
2016/10/29, 341, , 40, 22, 15, 20
2016/10/30, 362, , 46, 25, 25, 30
2016/10/31, 397, , 56, 27, 14, 34
2016/11/1, 434, , 88, 34, 12, 38
2016/11/2, 368, , 41, 26, 17, 19
2016/11/3, 441, , 43, 26, 13, 17
2016/11/4, 577, , 35, 31, 9, 41
2016/11/5, 676, , 23, 34, 9, 26
2016/11/6, 570, , 2, 32, 7, 
2016/11/8, 322, , 43, 31, 7, 
2016/11/9, 528, , 36, 48, 21, 17
2016/11/10, 568, , 42, 41, 15, 37
2016/11/11, 398, , 46, 37, 14, 39
2016/11/12, 387, , 39, 35, 15, 33
2016/11/13, 314, , 41, 32, 15, 34
2016/11/14, 296, , 32, 34, 17, 25
2016/11/15, 376, , 38, 36, 12, 37
2016/11/16, 379, , 44, 31, 11, 14
2016/11/17, 290, , 44, 29, 6, 30
2016/11/18, 261, , 55, 39, 12, 23
2016/11/19, 477, , 49, 34, 11, 27
2016/11/20, 377, , 54, 33, 15, 45
2016/11/21, 428, , 32, 25, 9, 17
2016/11/22, 197, , 55, 26, 4, 12
2016/11/23, 199, , 40, 39, 10, 32
2016/11/24, 263, , 27, 24, 6, 27
2016/11/25, 178, , 35, 23, 8, 10
2016/11/26, 165, , 27, 24, 6, 12
2016/11/27, 169, , 59, 28, 7, 27
2016/11/28, 170, , 53, 57, 24, 41
2016/11/29, 349, , 19, 32, 5, 41
2016/11/30, 319, , 18, 33, 12, 47
2016/12/1, 398, , 16, 37, 10, 23
2016/12/2, 379, , 19, 29, 7, 40
2016/12/3, 323, , 19, 19, 9, 141
2016/12/4, 264, , 38, 36, 11, 40
2016/12/5, 272, , 23, 29, 6, 22
2016/12/6, 400, , 25, 30, 6, 17
2016/12/7, 364, , 32, 23, 16, 44
2016/12/8, 366, , 19, 39, 21, 23
2016/12/9, 446, , 11, 17, 7, 19
2016/12/10, 270, , 20, 20, 8, 9
2016/12/11, 355, , 33, 20, 9, 16
2016/12/12, 272, , 32, 21, 12, 18
2016/12/13, 259, , 25, 21, 6, 28
2016/12/14, 234, , 35, 23, 4, 29
2016/12/15, 218, , 44, 27, 7, 28
2016/12/16, 315, , 28, 31, 10, 11
2016/12/17, 305, , 2, 17, 7, 13
2016/12/18, 467, , 42, 32, 6, 10
2016/12/19, 298, , 35, 24, 5, 5
2016/12/20, 302, , 37, 21, 3, 26
2016/12/21, 216, , 35, 27, 8, 27
2016/12/22, 278, , 51, 38, 12, 49
2016/12/23, 630, , 36, 34, 9, 38
2016/12/24, 457, , 29, 16, 4, 34
2016/12/25, 321, , 34, 22, 3, 37
2016/12/26, 207, , 34, 24, 3, 35
2016/12/27, 248, , 36, 26, 7, 42
2016/12/28, 405, , 21, 19, 5, 42
2016/12/29, 325, , 73, 16, 2, 37
2016/12/30, 254, , 16, 15, 4, 41
2016/12/31, 255, , 23, 14, 4, 39
2017/1/1, 266, , 32, 17, 6, 30
2016/7/1, 128, , 13, 18, 1, 9
2016/7/2, 111, , 11, 6, 1, 24
2016/7/3, 116, , 11, 6, 1, 28
2016/7/4, 142, , 16, 13, 1, 8
2016/7/5, 151, , 14, 11, 1, 22
2016/7/6, 150, , 10, 14, 1, 7
2016/7/7, 113, , 9, 13, 2, 8
2016/7/8, 149, , 10, 17, 1, 5
2016/7/9, 112, , 11, 12, , 7
2016/7/10, 153, , 10, 14, 1, 7
2016/7/11, 139, , 9, 9, 1, 5
2016/7/12, 213, , 9, 14, 2, 5
2016/7/13, 118, , 21, 15, 1, 5
2016/7/14, 127, , 9, 11, 1, 19
2016/7/15, 132, , 9, 20, 1, 7
2016/7/16, 188, , 22, 12, 2, 6
2016/7/17, 117, , 8, 10, 2, 6
2016/7/18, 113, , 8, 11, 2, 28
2016/7/19, 124, , 19, 7, 3, 24
2016/7/20, 134, , 8, 8, 3, 30
2016/7/21, 128, , 9, 6, 1, 6
2016/7/22, 146, , 11, 2, 1, 30
2016/7/23, 116, , , , , 
2016/7/25, 205, , 8, 6, 1, 5
2016/7/26, 156, , 8, 12, 1, 7
2016/7/27, 120, , 8, 9, 2, 8
2016/7/28, 128, , 16, 12, 20, 11
2016/7/29, 118, , 15, 8, 25, 11
2016/7/30, 86, , 12, 6, 10, 27
2016/7/31, 117, , 11, 5, 1, 13
2016/8/1, 196, , 13, 7, 1, 30
2016/8/2, 112, , 8, 8, 1, 14
2016/8/3, 103, , 9, 4, 2, 12
2016/8/4, 124, , 9, 12, 2, 21
2016/8/5, 147, , 10, 9, 6, 41
2016/8/6, 291, , 12, 6, 3, 12
2016/8/7, 87, , 16, 6, 5, 37
2016/8/8, 99, , 15, 6, 10, 10
2016/8/9, 95, , 18, 7, 1, 13
2016/8/10, 91, , 17, 5, 1, 12
2016/8/11, 77, , 11, 11, 2, 17
2016/8/12, 100, , 15, 16, 2, 42
2016/8/13, 133, , 11, 12, 1, 31
2016/8/14, 133, , 46, 9, 2, 88
2016/8/15, 125, , 12, 12, 1, 28
2016/8/16, 109, , 11, 13, 2, 41
2016/8/17, 128, , 10, 11, 1, 36
2016/8/18, 119, , 20, 15, 2, 46
2016/8/19, 137, , 14, 7, 3, 30
2016/8/20, 110, , 34, 6, 4, 15
2016/8/21, 82, , 22, 7, 3, 26
2016/8/22, 88, , 15, 10, 1, 36
2016/8/23, 120, , 15, 8, 2, 12
2016/8/24, 109, , 8, 9, 1, 8
2016/8/25, 115, , 10, 13, 2, 9
2016/8/26, 138, , 8, 14, 3, 14
2016/8/27, 114, , 8, 10, 3, 16
2016/8/28, 123, , 8, 18, 3, 18
2016/8/29, 129, , 9, 9, 3, 19
2016/8/30, 120, , 9, 12, 2, 17
2016/8/31, 94, , 12, 11, 2, 26
2016/9/1, 83, , 22, 11, 10, 24
2016/9/2, 122, , 22, 14, 7, 22
2016/9/3, 142, , 16, 10, 6, 26
2016/9/4, 132, , 20, 10, 7, 24
2016/9/5, 138, , 17, 12, 3, 21
2016/9/6, 138, , 27, 14, 5, 20
2016/9/7, 200, , 11, 13, 1, 5
2016/9/8, 257, , 25, 14, 4, 46
2016/9/9, 118, , 18, 15, 10, 15
2016/9/10, 110, , 26, 13, 11, 23
2016/9/11, 93, , 47, 15, 2, 3
2016/9/12, 107, , 18, 18, 2, 20
2016/9/13, 148, , 24, 11, 1, 31
2016/9/14, 110, , 17, 21, 2, 23
2016/9/15, 166, , 17, 23, 2, 9
2016/9/16, 163, , 24, 22, 2, 24
2016/9/17, 177, , 20, 14, 1, 24
2016/9/18, 166, , 18, 15, 2, 26
2016/9/19, 158, , 18, 18, 1, 6
2016/9/20, 173, , 17, 11, 1, 25
2016/9/21, 157, , 18, 8, 1, 19
2016/9/22, 99, , 15, 11, 2, 3
2016/9/23, 119, , 18, 10, 3, 21
2016/9/24, 129, , 15, 13, 2, 3
2016/9/25, 131, , 18, 14, 3, 22
2016/9/26, 152, , 22, 15, 3, 22
2016/9/27, 149, , 29, 18, 4, 24
2016/9/28, 177, , 19, 11, 2, 25
2016/9/29, 162, , 19, 18, 3, 35
2016/9/30, 159, , 18, 14, 2, 28
2016/4/1, 207, , 21, 21, 15, 11
2016/4/2, 165, , 38, 19, 15, 13
2016/4/3, 181, , 8, 20, 15, 13
2016/4/4, 197, , , , , 
2016/4/8, 148, , 12, 21, 16, 15
2016/4/9, 216, , 25, 11, 14, 7
2016/4/10, 154, , 20, 7, 13, 6
2016/4/11, 157, , 22, 6, 13, 7
2016/4/12, 146, , 34, 9, 14, 9
2016/4/13, 153, , 20, 14, 14, 11
2016/4/14, 167, , 22, 20, 16, 32
2016/4/15, 186, , 24, 19, 15, 12
2016/4/16, 181, , 11, 10, 14, 25
2016/4/17, 164, , 10, 12, 14, 9
2016/4/18, 171, , 10, 16, 15, 14
2016/4/19, 198, , 19, 12, 14, 8
2016/4/20, 158, , 21, 4, 13, 10
2016/4/21, 153, , 10, 19, 15, 10
2016/4/22, 186, , , , , 
2016/4/24, 156, , 23, 36, 5, 8
2016/4/25, 187, , 13, 52, 7, 14
2016/4/26, 241, , 10, 51, 7, 19
2016/4/27, 232, , 19, 45, 6, 32
2016/4/28, 269, , 18, 47, 7, 17
2016/4/29, 404, , 36, 42, 8, 20
2016/4/30, 297, , 32, 36, 4, 15
2016/5/1, 541, , 16, 34, 3, 12
2016/5/2, 214, , 17, 25, 4, 9
2016/5/3, 256, , 14, 19, 2, 9
2016/5/4, 181, , 18, 16, 3, 8
2016/5/5, 171, , 9, 20, 2, 8
2016/5/6, 133, , 25, 20, 3, 13
2016/5/7, 228, , 29, 14, 1, 10
2016/5/8, 170, , 18, 11, 1, 9
2016/5/9, 168, , 18, 11, 1, 12
2016/5/10, 168, , 24, 11, 1, 25
2016/5/11, 133, , 16, 18, 1, 28
2016/5/12, 169, , 13, 19, 2, 11
2016/5/13, 159, , 27, 23, 2, 12
2016/5/14, 169, , 111, 26, 2, 14
2016/5/15, 202, , 55, 23, 2, 26
2016/5/16, 153, , 26, 24, 2, 5
2016/5/17, 133, , 25, 31, 2, 7
2016/5/18, 153, , 25, 16, 1, 5
2016/5/19, 172, , 17, 11, 1, 21
2016/5/20, 152, , 35, 10, 2, 6
2016/5/21, 155, , 75, 11, 3, 4
2016/5/22, 146, , 19, 13, 2, 5
2016/5/23, 144, , 10, 19, 2, 3
2016/5/24, 126, , 12, 26, 2, 6
2016/5/25, 163, , 11, 22, 3, 7
2016/5/26, 168, , 18, 23, 2, 23
2016/5/27, 192, , 9, 20, 2, 5
2016/5/28, 169, , 55, 10, 2, 18
2016/5/29, 117, , 76, 21, 2, 4
2016/5/30, 137, , 13, 23, 3, 5
2016/5/31, 168, , 17, 20, 4, 4
2016/6/1, 143, , 19, 21, 2, 22
2016/6/2, 183, , 32, 34, 5, 9
2016/6/3, 201, , 41, 28, 5, 10
2016/6/4, 193, , 26, 9, 2, 5
2016/6/5, 161, , 38, 11, 2, 22
2016/6/6, 168, , 22, 12, 2, 3
2016/6/7, 153, , 27, 14, 3, 20
2016/6/8, 156, , 17, 16, 2, 4
2016/6/9, 151, , 17, 17, 3, 24
2016/6/10, 151, , 23, 22, 4, 7
2016/6/11, 140, , 20, 16, 2, 6
2016/6/12, 129, , 10, 19, 4, 6
2016/6/13, 187, , 25, 13, 3, 3
2016/6/14, 127, , 11, 6, 5, 4
2016/6/15, 165, , 11, 7, 1, 3
2016/6/16, 131, , 33, 10, , 3
2016/6/17, 138, , 14, 9, 1, 6
2016/6/18, 156, , 15, 6, 1, 22
2016/6/19, 139, , 17, 10, 1, 9
2016/6/20, 137, , 10, 8, 1, 7
2016/6/21, 113, , 12, 8, 1, 6
2016/6/22, 118, , 10, 11, 1, 8
2016/6/23, 129, , 14, 14, 1, 9
2016/6/24, 207, , 37, 7, , 7
2016/6/25, 165, , 13, 6, , 8
2016/6/26, 146, , 40, 10, 1, 8
2016/6/27, 157, , 32, 11, 1, 6
2016/6/28, 117, , 11, 10, 3, 23
2016/6/29, 110, , 26, 12, 4, 5
2016/6/30, 137, , 12, 5, , 2
2016/1/4, 409, , 15, 37, , 
2016/1/5, 376, , 23, 24, , 
2016/1/6, 389, , 9, 38, , 
2016/1/7, 335, , , , , 
2016/1/11, 276, , 3, 20, , 
2016/1/12, 362, , , , , 
2016/1/14, 306, , 8, 23, , 
2016/1/15, 221, , 8, 17, , 
2016/1/16, 205, , , , , 
2016/1/22, 331, , 10, 33, 12, 
2016/1/23, 308, , 6, 34, 4, 
2016/1/24, 428, , 40, 34, 4, 
2016/1/25, 333, , 10, 27, 4, 
2016/1/26, 391, , 12, 28, 5, 
2016/1/27, 331, , 14, 29, 7, 
2016/1/28, 368, , 9, 38, 5, 
2016/1/29, 381, , 11, 27, 12, 
2016/1/30, 364, , 13, 31, 23, 
2016/1/31, 296, , 16, 33, 20, 
2016/2/1, 190, , 16, 39, 16, 
2016/2/2, 202, , 25, 32, 13, 
2016/2/3, 182, , 18, 25, 12, 
2016/2/4, 174, , 28, 45, 12, 
2016/2/5, 237, , 38, 35, 15, 
2016/2/6, 283, , 15, 26, 16, 
2016/2/7, 210, , 35, 28, 11, 
2016/2/8, 178, , 5, 28, 10, 
2016/2/9, 206, , 5, 30, 17, 
2016/2/10, 246, , 5, 26, 10, 
2016/2/11, 208, , 10, 30, 11, 
2016/2/12, 216, , 14, 28, 12, 
2016/2/13, 180, , 11, 29, 13, 
2016/2/14, 175, , 42, 39, 16, 
2016/2/15, 178, , 5, 44, 12, 
2016/2/16, 185, , 5, 54, 20, 
2016/2/17, 185, , 5, 45, 11, 
2016/2/18, 195, , 8, 44, 14, 
2016/2/19, 217, , 6, 30, 19, 
2016/2/20, 200, , 20, 10, 26, 
2016/2/21, 282, , 30, 10, 17, 
2016/2/22, 174, , 21, 26, 15, 
2016/2/23, 148, , 6, 39, 19, 
2016/2/24, 208, , 28, 23, 15, 
2016/2/25, 181, , 18, 14, 14, 
2016/2/26, 181, , 21, 30, 13, 
2016/2/27, 173, , 41, 21, 15, 
2016/2/28, 221, , 20, 19, 12, 
2016/2/29, 273, , , , , 
2016/3/17, 142, , 29, 18, 14, 10
2016/3/18, 143, , 49, 12, 13, 8
2016/3/19, 152, , 25, 18, 15, 12
2016/3/20, 182, , 13, 12, 14, 6
2016/3/21, 125, , 11, 3, 13, 5
2016/3/22, 96, , 8, 11, 14, 24
2016/3/23, 126, , 8, 25, 16, 21
2016/3/24, 258, , 8, 15, 13, 28
2016/3/25, 223, , 16, 16, 14, 9
2016/3/26, 144, , 8, 15, 14, 
2016/3/27, 158, , 24, 15, 13, 7
2016/3/28, 127, , 29, 16, 13, 8
2016/3/29, 154, , 34, 27, 15, 27
2016/3/30, 174, , 33, 29, 17, 18
2016/3/31, 230, , 15, 26, 14, 10
2015/10/1, 150, , 25, 24, 2, 
2015/10/2, 145, , 20, 22, 2, 
2015/10/3, 154, , 15, 27, 3, 
2015/10/4, 161, , 31, 31, 5, 
2015/10/5, 183, , 28, 30, 4, 
2015/10/6, 169, , 22, 34, 3, 
2015/10/7, 185, , 7, 30, 3, 
2015/10/8, 174, , 20, 32, 3, 
2015/10/9, 158, , 42, 28, 5, 
2015/10/10, 154, , 35, 21, 3, 
2015/10/11, 159, , 34, 23, 3, 
2015/10/12, 146, , 25, 16, 3, 
2015/10/13, 160, , 29, 10, 3, 
2015/10/14, 152, , 71, 24, 3, 
2015/10/15, 162, , 17, 27, 3, 
2015/10/16, 194, , 12, 27, 4, 
2015/10/17, 228, , 23, 26, 4, 
2015/10/18, 213, , 17, 26, 3, 
2015/10/19, 211, , 16, 41, 8, 
2015/10/20, 286, , 27, 40, 5, 
2015/10/21, 217, , 2, 39, 5, 
2015/10/22, 175, , 11, 41, 4, 
2015/10/23, 187, , 22, 37, 4, 
2015/10/24, 195, , 18, 18, 11, 
2015/10/25, 187, , 48, 25, 3, 
2015/10/26, 228, , 22, 41, 3, 
2015/10/27, 179, , 16, 28, 2, 
2015/10/28, 159, , 18, 25, 3, 46
2015/10/29, 141, , 19, 27, 15, 
2015/10/30, 243, , 24, 45, 4, 
2015/10/31, 326, , 30, 41, 4, 
2015/11/1, 300, , 14, 35, 3, 
2015/11/2, 231, , 21, 41, 4, 
2015/11/3, 281, , 9, 34, 12, 
2015/11/4, 302, , 12, 21, 3, 
2015/11/5, 210, , 18, 41, 5, 
2015/11/6, 268, , 24, 43, 3, 
2015/11/7, 342, , 10, 31, 3, 
2015/11/8, 266, , 6, 30, 3, 
2015/11/9, 219, , 7, 43, 5, 
2015/11/10, 280, , 5, 28, 3, 
2015/11/11, 293, , 4, 22, 3, 
2015/11/12, 331, , 4, 31, 3, 
2015/11/13, 312, , 4, 28, 2, 
2015/11/14, 270, , 11, 35, 4, 
2015/11/15, 234, , 21, 32, 4, 
2015/11/16, 207, , 17, 15, 3, 
2015/11/17, 186, , 35, 18, 13, 
2015/11/18, 222, , 5, 24, 6, 
2015/11/19, 302, , 20, 23, 5, 
2015/11/20, 340, , 19, 23, 14, 
2015/11/21, 383, , 25, 24, 14, 
2015/11/22, 315, , 17, 28, 6, 
2015/11/23, 313, , 18, 29, 3, 
2015/11/24, 267, , 19, 20, 1, 
2015/11/25, 183, , 24, 22, 3, 
2015/11/26, 216, , 7, 29, 5, 
2015/11/27, 267, , 2, 15, 1, 
2015/11/28, 259, , 17, 15, 2, 
2015/11/29, 305, , 27, 16, 3, 
2015/11/30, 302, , 6, 18, 3, 
2015/12/1, 244, , 2, 32, 6, 
2015/12/2, 236, , 2, 29, 3, 
2015/12/3, 234, , 5, 31, 3, 
2015/12/4, 213, , 2, 38, 6, 
2015/12/5, 369, , , , , 
2015/12/7, 400, , 16, 31, 5, 
2015/12/8, 353, , 31, 23, 2, 
2015/12/9, 288, , 15, 23, 3, 
2015/12/10, 265, , 15, 19, 3, 
2015/12/11, 253, , 5, 22, 3, 
2015/12/12, 252, , 21, 27, 4, 
2015/12/13, 173, , 22, 29, 4, 
2015/12/14, 181, , 21, 30, 4, 
2015/12/15, 185, , 16, 35, 9, 
2015/12/16, 241, , 12, 24, 5, 
2015/12/17, 283, , 22, 30, 5, 
2015/12/18, 291, , 16, 31, 4, 
2015/12/19, 282, , 26, 37, 7, 
2015/12/20, 326, , 33, 30, 5, 
2015/12/21, 313, , 12, 31, 6, 
2015/12/22, 372, , , , , 
2015/12/24, 207, , 23, 29, , 
2015/12/25, 198, , 22, 31, , 
2015/12/26, 236, , 17, 30, , 
2015/12/27, 250, , 36, 24, , 
2015/12/28, 197, , 21, 23, , 
2015/12/29, 186, , 18, 35, , 
2015/12/30, 244, , , , , 
2015/7/1, 93, , 27, 9, 2, 6
2015/7/2, 149, , 31, 16, 3, 7
2015/7/3, 93, , 16, 11, 1, 20
2015/7/4, 135, , 12, 10, 1, 6
2015/7/5, 166, , 12, 9, 1, 7
2015/7/6, 44, , 13, 7, 2, 10
2015/7/7, 81, , 11, 8, 1, 59
2015/7/8, 109, , 6, 6, 2, 20
2015/7/9, 118, , 7, 4, 1, 11
2015/7/10, 78, , 6, 16, 2, 6
2015/7/11, 58, , 25, 11, 2, 5
2015/7/12, 90, , 12, 13, 2, 7
2015/7/13, 113, , 7, 6, 2, 6
2015/7/14, 107, , 8, 16, 2, 5
2015/7/15, 117, , 7, 8, 2, 13
2015/7/16, 142, , 6, 4, 2, 6
2015/7/17, 127, , 7, 5, 2, 6
2015/7/18, 108, , 32, 7, 3, 6
2015/7/19, 126, , 23, 16, 2, 6
2015/7/20, 70, , 9, 6, 2, 5
2015/7/21, 75, , 7, 3, 2, 5
2015/7/22, 75, , 24, 4, 2, 19
2015/7/23, 72, , 24, 4, 2, 4
2015/7/24, 85, , 11, 4, 2, 5
2015/7/25, 82, , 8, 9, 2, 5
2015/7/26, 82, , 6, 4, 2, 20
2015/7/27, 41, , 7, 5, 2, 18
2015/7/28, 46, , 24, 4, 1, 4
2015/7/29, 54, , 6, 8, 1, 5
2015/7/30, 51, , 4, 8, 2, 5
2015/7/31, 79, , 4, 9, 2, 19
2015/8/1, 81, , 21, 4, 2, 21
2015/8/2, 87, , 5, 4, 2, 5
2015/8/3, 90, , 8, 8, 1, 20
2015/8/4, 90, , 5, 5, 1, 6
2015/8/5, 91, , 20, 7, 2, 8
2015/8/6, 111, , 5, 9, 2, 5
2015/8/7, 96, , 8, 5, 2, 22
2015/8/8, 103, , 5, 8, 1, 6
2015/8/9, 113, , 23, 14, 2, 24
2015/8/10, 142, , 21, 9, 2, 8
2015/8/11, 108, , 5, 7, 1, 5
2015/8/12, 68, , 6, 12, 2, 7
2015/8/13, 134, , 5, 8, 2, 6
2015/8/14, 94, , 20, 3, 2, 21
2015/8/15, 283, , 21, 20, 2, 23
2015/8/16, 112, , 5, 12, 2, 25
2015/8/17, 117, , 7, 10, 2, 6
2015/8/18, 108, , 5, 9, 1, 22
2015/8/19, 81, , 14, 11, 1, 5
2015/8/20, 84, , 4, 7, 2, 6
2015/8/21, 115, , 4, 8, 1, 5
2015/8/22, 113, , 4, 3, 2, 22
2015/8/23, 106, , 5, 12, 1, 6
2015/8/24, 99, , 21, 13, 2, 6
2015/8/25, 100, , 21, 7, 2, 6
2015/8/26, 108, , 8, 12, 2, 29
2015/8/27, 118, , 5, 14, 2, 40
2015/8/28, 146, , 8, 8, 2, 34
2015/8/29, 120, , 5, 6, 2, 8
2015/8/30, 116, , 6, 17, 1, 24
2015/8/31, 99, , 6, 11, 2, 25
2015/9/1, 126, , 24, 11, 1, 8
2015/9/2, 147, , 9, 14, 2, 6
2015/9/3, 150, , 12, 16, 2, 9
2015/9/4, 138, , 16, 19, 2, 28
2015/9/5, 128, , 17, 20, 14, 34
2015/9/6, 119, , 14, 20, 2, 7
2015/9/7, 111, , 16, 18, 1, 10
2015/9/8, 152, , 21, 16, , 7
2015/9/9, 124, , 20, 16, 1, 18
2015/9/10, 128, , 9, 43, , 48
2015/9/11, 148, , 18, 13, 17, 21
2015/9/12, 159, , 4, 10, 29, 6
2015/9/13, 253, , , 22, , 
2015/9/15, 139, , 16, 8, 11, 114
2015/9/16, 159, , 11, 7, 7, 
2015/9/17, 166, , 12, 7, 4, 100
2015/9/18, 97, , 30, 11, 4, 237
2015/9/19, 125, , 8, 13, 3, 329
2015/9/20, 126, , 10, 7, 3, 216
2015/9/21, 92, , 11, 11, 2, 252
2015/9/22, 68, , 20, 9, 3, 207
2015/9/23, 64, , 16, 13, 3, 
2015/9/24, 100, , 9, 21, 4, 
2015/9/25, 131, , 13, 17, 4, 
2015/9/26, 128, , 10, 16, 5, 
2015/9/27, 139, , 22, 22, 2, 
2015/9/28, 135, , 22, 23, 3, 
2015/9/29, 169, , 23, 21, 2, 
2015/9/30, 125, , 29, 26, 3, 
2015/5/20, 95, 21, 24, 11, 2, 7
2015/5/21, 190, , 20, 29, 3, 8
2015/5/22, 105, , 35, 12, 1, 3
2015/5/23, 118, , 21, 17, 1, 4
2015/5/24, 145, , 23, 14, 2, 4
2015/5/25, 141, , 15, 18, 9, 5
2015/5/26, 144, , 13, 16, 2, 64
2015/5/27, 119, , 34, 24, 1, 5
2015/5/28, 171, , 38, 15, 4, 6
2015/5/29, 149, , 33, 15, 5, 5
2015/5/30, 117, , 30, 8, , 4
2015/5/31, 126, , 31, 6, 1, 5
2015/6/1, 120, , 21, 18, 2, 4
2015/6/2, 72, , 34, 16, 2, 3
2015/6/3, 113, , 20, 24, 2, 4
2015/6/4, 133, , 42, 21, 2, 6
2015/6/5, 157, , 21, 27, 3, 9
2015/6/6, 171, , 7, 26, 2, 9
2015/6/7, 158, , 28, 26, 3, 8
2015/6/8, 154, , 52, 20, 2, 7
2015/6/9, 153, , 28, 23, 1, 7
2015/6/10, 103, , 35, 7, 1, 4
2015/6/11, 128, , 19, 9, 1, 4
2015/6/12, 97, , 36, 10, 1, 4
2015/6/13, 270, , 17, 20, 2, 23
2015/6/14, 118, , 9, 16, 1, 25
2015/6/15, 164, , 37, 23, 2, 10
2015/6/16, 161, , 25, 25, 2, 9
2015/6/17, 163, , 25, 28, 3, 9
2015/6/18, 183, , 43, 23, 3, 9
2015/6/19, 149, , 28, 9, 1, 9
2015/6/20, 104, , 30, 8, 1, 5
2015/6/21, 80, , 33, 10, 1, 6
2015/6/22, 95, , 13, 12, 7, 24
2015/6/23, 119, , 15, 18, 1, 8
2015/6/24, 152, , 13, 18, 2, 14
2015/6/25, 87, , 27, 14, 1, 22
2015/6/26, 161, , 19, 11, 2, 22
2015/6/27, 151, , 17, 11, 1, 21
2015/6/28, 139, , 36, 11, 2, 22
2015/6/29, 115, , 22, 7, 1, 27
2015/6/30, 173, , 19, 9, 2, 5
2015/4/1, , 81, 25, 4, 4, 3
2015/4/4, , 50, 37, 14, 6, 5
2015/4/5, , 170, 37, 29, 4, 10
2015/4/6, , 215, 43, 31, 7, 13
2015/4/7, , 122, 30, 18, 11, 8
2015/4/8, , 136, 41, 27, 17, 7
2015/4/9, , 214, 34, 23, 6, 6
2015/4/10, , 121, 18, 25, 6, 8
2015/4/11, , 177, 1, 53, 6, 15
2015/4/12, , 90, 10, 26, 2, 
2015/4/13, , 76, 15, 25, 1, 9
2015/4/14, , 97, 29, 18, 7, 9
2015/4/15, , 198, 32, 17, 7, 10
2015/4/16, , 55, 29, 20, 9, 9
2015/4/17, , 44, 34, 23, 6, 9
2015/4/18, , 76, 37, 41, 10, 10
2015/4/19, , 82, 48, 44, 11, 16
2015/4/20, , 78, 34, 20, 8, 12
2015/4/21, , 72, 40, 26, 11, 10
2015/4/22, , 58, 38, 29, 8, 8
2015/4/23, , 79, 49, 44, 17, 16
2015/4/24, , 83, 32, 36, 2, 20
2015/5/13, , 60, 17, 15, 7, 12
2015/5/14, , 111, 24, 25, 4, 6
2015/5/15, , 150, 23, 25, 4, 5
2015/5/16, , 74, 36, 14, 3, 2
2015/5/17, , 42, 23, 7, 2, 5
2015/5/18, , 59, 29, 18, 3, 7
2015/5/19, , 71, 18, 13, 4, 6
2015/2/2, , 134, 25, 17, 4, 9
2015/2/3, , 148, 19, 12, 3, 8
2015/2/9, , 146, 11, 25, 22, 9
2015/2/11, , 140, 19, 31, 9, 9
2015/2/12, , 173, 30, 33, 9, 11
2015/2/13, , 208, 31, 34, 8, 15
2015/2/14, , 303, 27, 33, 13, 16
2015/2/15, , 275, 30, 36, 28, 32
2015/2/16, , 98, 24, 11, 4, 9
2015/2/17, , 100, 39, 14, 3, 11
2015/2/18, , 115, 28, 25, 7, 15
2015/2/19, , 96, 24, 9, 4, 8
2015/2/20, , 79, 20, 11, 8, 20
2015/2/21, , 79, 26, 18, 14, 9
2015/2/22, , 48, 22, 12, 4, 6
2015/2/23, , 87, 34, 31, 9, 13
2015/2/24, , 108, 22, 22, 8, 14
2015/2/25, , 80, 20, 12, 12, 22
2015/2/26, , 63, 35, 27, 10, 6
2015/2/27, , 64, 31, 34, 17, 22
2015/2/28, , 109, 29, 43, 21, 14
2015/3/1, , 47, 13, 7, 2, 4
2015/3/2, , 66, 32, 11, 2, 3
2015/3/3, , 83, 20, 25, 7, 7
2015/3/4, , 142, 24, 26, 5, 7
2015/3/5, , 245, 7, 54, 14, 13
2015/3/6, , 125, 7, 19, 8, 9
2015/3/7, , 75, 16, 20, 3, 5
2015/3/8, , 52, 19, 15, 2, 4
2015/3/9, , 121, 26, 19, 2, 4
2015/3/10, , 126, 33, 21, 2, 5
2015/3/11, , 136, 18, 31, 2, 8
2015/3/12, , 95, 39, 24, 3, 9
2015/3/15, , 41, 11, 12, 1, 1
2015/3/18, , 56, 22, 8, 4, 7
2015/3/19, , 29, 37, 11, 3, 4
2015/3/20, , 24, 36, 11, 2, 4
2015/3/23, , 33, , 11, 3, 7
2015/3/24, , 53, 22, 43, 6, 11
2015/3/25, , 91, 55, 38, 18, 14
2015/3/26, , 94, 43, 43, 12, 17
2015/3/27, , 42, 35, 25, 7, 7
2015/3/28, , 64, 37, 36, 11, 26
2015/3/29, , 70, 19, 16, 4, 8
2015/3/30, , 46, 23, 8, 1, 6
2015/3/31, , 40, 16, 12, 2, 6
2014/10/1, , 106, 16, 14, 4, 7
2014/10/2, , 144, 35, 16, 4, 9
2014/10/3, , 188, 72, 10, 3, 8
2014/10/4, , 177, 23, 11, 3, 8
2014/10/5, , 170, 22, 16, 5, 9
2014/10/6, , 177, 18, 10, 2, 8
2014/10/7, , 160, 18, 10, 3, 7
2014/10/8, , 143, 26, 19, 5, 6
2014/10/9, , 139, 19, 24, 4, 9
2014/10/10, , 126, 45, 34, 9, 14
2014/10/11, , 187, 20, 34, 8, 15
2014/10/12, , 233, 13, 9, 2, 6
2014/10/13, , 119, 7, 9, 2, 6
2014/10/14, , 68, 12, 10, 2, 6
2014/10/15, , 66, 32, 28, 5, 12
2014/10/16, , 157, 17, 41, 5, 11
2014/10/17, , 81, 19, 46, 7, 15
2014/10/18, , 98, 18, 42, 4, 14
2014/10/19, , 88, 15, 39, 6, 13
2014/10/20, , 98, 23, 44, 8, 18
2014/10/21, , 112, 24, 32, 14, 31
2014/10/22, , 123, 36, 14, 7, 9
2014/10/23, , 106, 20, 10, 4, 24
2014/10/24, , 138, 15, 16, 4, 10
2014/10/25, , 112, 28, 10, 2, 8
2014/10/26, , 79, 18, 28, 3, 14
2014/10/27, , 95, 5, 38, 18, 19
2014/10/28, , 236, 11, 37, 5, 12
2014/10/29, , 124, 16, 43, 9, 20
2014/10/30, , 142, 11, 51, 13, 18
2014/10/31, , 164, 16, 38, 10, 23
2014/11/1, , 188, 12, 30, 5, 9
2014/11/2, , 242, 14, 30, 5, 9
2014/11/3, , 230, 18, 35, 7, 10
2014/11/4, , 230, 15, 38, 5, 11
2014/11/5, , 300, 13, 29, 4, 10
2014/11/6, , 293, 17, 44, 6, 19
2014/11/7, , 361, 17, 44, 8, 17
2014/11/8, , 362, 8, 32, 7, 13
2014/11/9, , 314, 15, 38, 6, 13
2014/11/10, , 372, 14, 48, 7, 30
2014/11/11, , 334, 22, 44, 8, 15
2014/11/12, , 387, 21, 43, 9, 13
2014/11/13, , 372, 23, 44, 7, 11
2014/11/14, , 226, 17, 34, 6, 10
2014/11/15, , 142, 27, 35, 8, 10
2014/11/16, , 86, 25, 40, 8, 11
2014/11/17, , 113, 28, 52, 12, 15
2014/11/18, , 162, 24, 60, 11, 20
2014/11/19, , 167, 29, 54, 9, 14
2014/11/20, , 128, 21, 55, 8, 29
2014/11/21, , 125, 17, 60, 10, 22
2014/11/22, , 142, 24, 54, 13, 29
2014/11/23, , 129, 22, 39, 5, 26
2014/11/24, , 95, 18, 43, 6, 9
2014/11/25, , 83, 11, 39, 5, 9
2014/11/26, , 103, 15, 47, 10, 16
2014/11/27, , 151, 15, 46, 6, 23
2014/11/28, , 174, 19, 55, 10, 23
2014/11/29, , 171, 3, 60, 12, 14
2014/11/30, , 137, , , , 
2014/12/2, , 219, 15, 31, 4, 8
2014/12/3, , 142, 14, 37, 5, 11
2014/12/4, , 224, 13, 46, 9, 15
2014/12/5, , 260, 12, 41, 5, 10
2014/12/6, , 230, 12, 29, 4, 7
2014/12/7, , 166, 12, 43, 8, 14
2014/12/8, , 231, 20, 54, 17, 42
2014/12/9, , 410, 14, 46, 15, 14
2014/12/10, , 258, 19, 46, 9, 12
2014/12/11, , 299, 14, 63, 13, 19
2014/12/12, , 318, 9, 23, 4, 10
2014/12/13, , 214, 5, 17, , 7
2014/12/14, , 64, 6, 31, 3, 8
2014/12/15, , 84, 13, 31, 6, 20
2014/12/16, , 111, 13, 26, 2, 8
2014/12/17, , 100, 7, 29, 3, 9
2014/12/18, , 158, , , , 
2014/7/1, , 115, , , , 
2014/7/3, , 93, , , , 
2014/7/16, , 20, , , , 
2014/7/19, , 57, , , , 
2014/7/25, , 25, 19, 8, 2, 8
2014/7/26, , 28, , , , 
2014/7/28, , 37, , 3, 1, 7
2014/7/29, , 27, 3, 5, 4, 2
2014/7/30, , 36, , , , 
2014/8/2, , 62, 14, 2, 1, 5
2014/8/3, , 49, 2, 3, 1, 5
2014/8/4, , 880, 10, 7, 1, 7
2014/8/5, , 51, 10, 5, 1, 10
2014/8/6, , 103, 8, 2, 1, 8
2014/8/7, , 62, 6, 1, 1, 6
2014/8/8, , 68, , 19, 1, 37
2014/8/9, , 359, , , , 
2014/9/16, , 55, 14, 17, 3, 10
2014/9/17, , 39, 16, 17, 4, 8
2014/9/18, , 41, 19, 20, 5, 9
2014/9/19, , 38, 19, 23, 4, 9
2014/9/20, , 47, 35, 11, 2, 6
2014/9/21, , 41, 17, 14, 6, 18
2014/9/22, , 29, 12, 14, 3, 7
2014/9/23, , 29, 13, 16, 4, 6
2014/9/24, , 31, 15, 15, 4, 7
2014/9/25, , 32, 11, 19, 5, 7
2014/9/26, , 42, 31, 16, 4, 7
2014/9/27, , 31, 10, 15, 5, 6
2014/9/28, , 32, 13, 16, 4, 7
2014/9/29, , 38, 13, 16, 6, 8
2014/9/30, , 39, 19, 11, 3, 6
2014/5/6, , 112, , , , 
2018/8/10, , , 5, 14, 1, 
2018/8/15, , , 5, 17, 2, 
2018/9/29, , , 26, 18, 1, 
2018/5/27, , , 56, 42, 12, 
2018/5/28, , , 42, 36, 10, 
2018/6/25, , , 16, 22, 7, 
2017/10/2, , , 49, 19, 4, 10
2017/10/8, , , 15, 19, 7, 16
2017/10/15, , , 73, 29, 42, 33
2017/11/22, , , 1, 36, 10, 11
2017/12/18, , , 23, 41, 19, 15
2017/8/13, , , 8, 7, 2, 11
2017/8/18, , , 5, 4, 2, 10
2017/8/20, , , 7, 3, 1, 4
2017/9/10, , , 28, 13, 5, 13
2017/9/13, , , 34, 16, 6, 6
2017/9/15, , , 4, 13, 2, 15
2017/9/24, , , 39, 13, 1, 11
2017/5/27, , , 27, 13, 2, 12
2017/6/28, , , 11, 7, 1, 10
2017/1/28, , , 17, 17, 2, 51
2017/1/29, , , 25, 22, 2, 33
2016/10/8, , , 33, 12, 3, 26
2016/11/7, , , 39, 26, 5, 
2016/7/24, , , 37, 11, 2, 9
2016/4/7, , , 28, 11, 14, 8
2016/4/23, , , 7, 24, 2, 5
2016/1/3, , , 15, 44, , 
2016/1/10, , , 3, 32, , 
2016/1/13, , , 5, 42, , 
2016/1/21, , , 8, 35, , 
2016/3/16, , , 23, 12, 14, 9
2015/12/6, , , 2, 26, 6, 
2015/12/23, , , 7, 33, , 
2015/9/14, , , 14, 13, 3, 
2015/4/25, , , 27, 18, 6, 13
2015/4/26, , , 24, 2, , 16
2015/4/28, , , 25, 10, 1, 6
2015/4/29, , , 45, 10, 25, 39
2015/4/30, , , 32, 10, 4, 19
2015/5/1, , , 25, 12, 4, 25
2015/5/2, , , 44, 23, 16, 70
2015/5/3, , , 101, 36, 11, 
2015/5/4, , , 60, 40, 6, 136
2015/5/5, , , 32, 50, 8, 1
2015/5/6, , , 24, 41, 8, 103
2015/5/7, , , 28, 24, 7, 229
2015/5/8, , , 20, 22, 7, 
2015/5/9, , , 12, 28, 8, 
2015/5/10, , , 20, 32, 5, 
2015/5/11, , , 22, 25, 5, 
2015/5/12, , , 23, 14, 7, 
2015/1/13, , , 2, 22, 2, 22
2014/12/1, , , 17, 35, 2, 10
2014/6/30, , , 12, 5, 1, 3
2014/7/2, , , 2, 10, 4, 10
2014/7/15, , , 2, 5, , 4
2014/7/18, , , 4, 11, , 8
2014/7/24, , , , 41, , 5
2014/7/27, , , 4, 2, 1, 4
2014/8/1, , , 5, 6, 1, 6
2014/9/15, , , 8, 28, 5, 16
2014/5/5, , , 2, 22, 6, 4
2014/2/12, , , , , , 